DateTime,Open,High,Low,Close,Volume
2017-05-15,11.95,12.0,11.41,11.75,575100
2017-05-16,11.88,12.25,11.62,12.03,247400
2017-05-17,12.01,12.2,11.61,12.04,263400
2017-05-18,12.02,12.07,11.76,12.0,312100
2017-05-19,11.98,12.11,11.67,11.85,166000
2017-05-22,11.95,12.05,11.75,11.83,244900
2017-05-23,11.82,12.01,11.73,11.85,149600
2017-05-24,11.81,12.01,11.72,12.0,190200
2017-05-25,12.04,12.137,11.74,12.0,284800
2017-05-26,11.96,12.015,11.77,11.98,412700
2017-05-30,12.0,12.049,11.84,11.87,436700
2017-05-31,11.79,11.94,11.3,11.5,328800
2017-06-01,11.47,12.0,11.468,11.7,171800
2017-06-02,11.67,11.85,11.63,11.67,124200
2017-06-05,11.63,11.77,11.5,11.56,167600
2017-06-06,11.8,11.9,11.44,11.54,571500
2017-06-07,11.62,11.652,10.08,10.36,738300
2017-06-08,10.34,10.55,9.895,10.04,534700
2017-06-09,10.1,10.24,9.93,9.97,437800
2017-06-12,10.05,10.55,10.05,10.39,401100
2017-06-13,10.79,11.688,10.52,11.34,558100
2017-06-14,11.27,11.35,10.9,11.16,370700
2017-06-15,11.08,11.38,10.56,11.13,243600
2017-06-16,11.08,11.48,11.0,11.25,379300
2017-06-19,11.28,11.38,10.9,11.26,172200
2017-06-20,11.19,11.19,10.6,10.71,205200
2017-06-21,10.74,11.0,10.501,10.9,143100
2017-06-22,10.83,11.05,10.11,10.31,242200
2017-06-23,10.21,10.8,10.21,10.73,1175600
2017-06-26,10.8,10.89,10.6,10.74,105100
2017-06-27,10.74,11.5,10.74,11.1,168800
2017-06-28,11.14,11.97,11.05,11.43,168200
2017-06-29,11.33,11.86,11.33,11.77,125900
2017-06-30,11.77,11.9,11.47,11.53,103900
2017-07-03,11.46,11.81,11.46,11.62,195200
2017-07-05,11.69,11.69,11.18,11.38,140200
2017-07-06,11.4,11.96,11.181,11.61,234900
2017-07-07,11.55,11.73,11.22,11.59,177700
2017-07-10,11.6,12.01,11.04,11.98,185700
2017-07-11,11.96,12.2,11.778,12.0,165500
2017-07-12,12.08,12.1,11.5,11.71,101000
2017-07-13,11.67,12.0,11.211,11.95,109300
2017-07-14,11.87,12.24,11.53,12.09,60300
2017-07-17,12.05,13.45,11.77,12.93,347500
2017-07-18,13.02,13.16,12.8,12.88,237700
2017-07-19,12.85,14.0,12.16,13.86,396300
2017-07-20,14.02,14.067,12.58,12.71,348000
2017-07-21,12.77,13.055,12.32,12.76,121000
2017-07-24,12.75,12.89,12.36,12.72,166600
2017-07-25,12.75,12.9,12.0,12.29,154100
2017-07-26,12.26,13.0,12.153,12.78,281600
2017-07-27,12.81,13.422,12.53,12.94,142400
2017-07-28,12.83,13.38,12.78,13.1,122400
2017-07-31,13.17,13.24,12.74,13.05,94200
2017-08-01,13.12,13.12,12.62,12.86,85100
2017-08-02,12.9,12.92,12.49,12.57,122700
2017-08-03,12.75,12.84,12.45,12.66,236300
2017-08-04,12.7,13.51,12.63,13.44,261900
2017-08-07,13.54,13.8,13.11,13.42,193500
2017-08-08,13.27,13.45,12.85,12.99,179000
2017-08-09,12.9,13.25,12.52,12.71,84500
2017-08-10,12.25,12.58,11.71,12.12,264500
2017-08-11,12.21,12.74,11.8,11.83,189000
2017-08-14,11.93,13.09,11.9,12.3,239800
2017-08-15,12.47,12.47,12.03,12.14,101600
2017-08-16,12.29,12.63,12.19,12.39,147000
2017-08-17,12.29,12.45,12.07,12.27,104500
2017-08-18,12.17,12.91,12.17,12.81,220800
2017-08-21,12.88,13.35,12.5,13.25,157400
2017-08-22,13.36,13.57,12.91,13.49,164300
2017-08-23,13.44,13.78,13.07,13.29,164900
2017-08-24,13.3,13.865,13.06,13.54,199100
2017-08-25,13.6,13.955,12.27,13.27,387900
2017-08-28,13.38,13.43,12.96,13.23,97900
2017-08-29,13.09,13.59,13.01,13.45,132300
2017-08-30,13.43,13.867,13.19,13.73,132700
2017-08-31,13.8,14.47,13.65,14.16,247600
2017-09-01,14.16,14.48,13.875,14.43,106700
2017-09-05,14.38,14.99,14.38,14.75,228600
2017-09-06,14.75,15.74,14.75,15.62,229400
2017-09-07,15.71,16.28,14.71,14.84,212700
2017-09-08,14.81,14.81,14.06,14.32,171900
2017-09-11,14.39,15.4,14.39,15.15,150900
2017-09-12,15.14,16.058,15.14,15.98,307800
2017-09-13,16.09,16.99,15.875,16.08,329800
2017-09-14,16.28,16.49,15.58,15.7,214000
2017-09-15,15.8,16.23,15.52,15.96,236100
2017-09-18,15.88,16.48,15.56,16.39,147300
2017-09-19,16.32,16.37,15.78,16.07,116600
2017-09-20,16.06,16.4,15.92,16.29,182900
2017-09-21,16.29,16.44,15.71,16.13,118700
2017-09-22,16.14,16.53,16.14,16.42,273800
2017-09-25,16.42,17.07,16.42,16.83,117800
2017-09-26,16.86,17.72,16.86,17.41,348300
2017-09-27,17.45,17.658,17.17,17.5,223600
2017-09-28,17.6,17.6,17.13,17.5,203200
2017-09-29,17.5,17.5,17.3,17.43,105100
2017-10-02,17.27,17.5,17.12,17.5,93500
2017-10-03,17.48,17.7,17.155,17.26,137000
2017-10-04,17.35,17.45,16.73,16.95,131600
2017-10-05,17.07,17.71,16.94,17.56,180000
2017-10-06,17.32,17.37,17.02,17.07,87800
2017-10-09,17.19,17.67,17.04,17.44,285700
2017-10-10,17.52,17.61,17.01,17.06,164700
2017-10-11,16.25,16.6,15.726,16.59,364600
2017-10-12,16.46,16.64,16.18,16.53,131600
2017-10-13,16.73,16.74,16.04,16.15,156300
2017-10-16,16.4,16.48,15.88,15.98,95400
2017-10-17,16.18,16.18,15.73,15.88,150300
2017-10-18,16.0,16.04,14.761,14.98,419900
2017-10-19,14.92,15.4,14.91,15.02,147100
2017-10-20,15.14,15.31,14.6,15.3,108500
2017-10-23,15.26,15.57,15.14,15.32,128100
2017-10-24,15.54,15.54,15.12,15.23,118600
2017-10-25,15.12,15.12,14.24,14.28,218800
2017-10-26,14.26,14.805,14.03,14.7,341500
2017-10-27,14.58,15.48,14.58,15.43,100700
2017-10-30,15.42,15.83,15.32,15.61,99200
2017-10-31,15.66,16.28,15.47,15.96,119300
2017-11-01,16.14,16.36,15.82,16.07,107100
2017-11-02,16.13,16.15,15.76,15.79,125400
2017-11-03,15.46,16.37,14.3,15.96,480700
2017-11-06,16.06,16.67,16.04,16.6,311600
2017-11-07,16.7,18.119,16.7,17.87,442500
2017-11-08,17.44,18.42,16.43,17.28,636500
2017-11-09,16.96,17.67,16.25,16.5,732700
2017-11-10,16.6,16.65,15.75,16.08,3361900
2017-11-13,16.06,16.24,15.78,16.06,524800
2017-11-14,15.94,15.95,15.01,15.28,640100
2017-11-15,15.11,15.4,14.75,15.0,309400
2017-11-16,15.01,15.1,14.75,14.96,322500
2017-11-17,14.99,15.575,14.91,15.22,299000
2017-11-20,15.14,16.25,15.14,16.2,445000
2017-11-21,16.2,16.84,16.07,16.49,283000
2017-11-22,16.6,17.3,16.47,16.76,400900
2017-11-24,16.89,17.45,16.79,16.89,420000
2017-11-27,16.98,17.209,16.26,16.46,158500
2017-11-28,16.43,16.66,15.41,15.99,273100
2017-11-29,15.98,16.23,15.38,15.68,364800
2017-11-30,15.78,16.32,15.67,16.2,310300
2017-12-01,16.27,16.88,16.27,16.69,409800
2017-12-04,16.77,16.99,16.66,16.83,272100
2017-12-05,16.77,16.99,16.7,16.74,234800
2017-12-06,16.64,16.67,15.91,16.11,298300
2017-12-07,16.17,16.32,15.79,15.95,244600
2017-12-08,16.0,16.44,15.94,16.24,142700
2017-12-11,16.48,17.6,16.32,17.38,572000
2017-12-12,17.38,18.93,17.2,18.62,581000
2017-12-13,18.65,19.55,18.57,18.82,844600
2017-12-14,18.75,18.895,18.03,18.26,392100
2017-12-15,18.49,19.79,18.38,19.4,1382200
2017-12-18,19.6,19.692,18.98,19.07,347000
2017-12-19,19.06,19.4,18.64,18.67,375800
2017-12-20,18.82,19.57,18.51,19.39,793700
2017-12-21,19.43,20.3,19.34,19.95,608000
2017-12-22,20.05,20.22,19.57,20.15,197600
2017-12-26,20.15,21.02,19.8,20.93,248800
2017-12-27,20.98,21.345,20.52,21.15,418800
2017-12-28,21.32,21.83,20.91,21.68,276300
2017-12-29,21.89,22.01,20.833,21.41,219800
2018-01-02,21.47,22.45,21.32,22.37,431600
2018-01-03,22.67,23.05,21.91,22.42,490100
2018-01-04,22.61,23.39,22.5,23.04,527500
2018-01-05,23.14,23.98,22.85,23.46,576800
2018-01-08,23.66,23.719,22.84,22.87,365300
2018-01-09,23.01,23.28,22.37,22.98,245800
2018-01-10,22.97,23.09,22.5,23.08,197900
2018-01-11,23.17,23.7,22.3,22.41,678100
2018-01-12,22.63,23.06,21.02,21.79,626500
2018-01-16,22.01,22.01,19.65,19.98,1058700
2018-01-17,20.0,21.18,19.86,20.7,490800
2018-01-18,20.59,20.93,20.21,20.8,310000
2018-01-19,20.66,20.95,20.34,20.9,519400
2018-01-22,20.89,21.29,20.73,21.0,349600
2018-01-23,21.15,21.28,20.81,21.06,351400
2018-01-24,21.47,22.63,21.31,22.16,1143300
2018-01-25,22.3,22.45,20.39,20.41,427900
2018-01-26,20.51,20.55,19.2,19.96,588900
2018-01-29,20.44,20.44,19.25,19.57,329800
2018-01-30,19.24,19.57,19.01,19.54,224100
2018-01-31,19.54,19.7,18.27,18.87,329900
2018-02-01,18.87,19.77,18.501,19.6,383600
2018-02-02,19.31,19.31,18.57,18.91,462900
2018-02-05,18.62,19.06,18.44,18.57,516300
2018-02-06,18.06,19.23,18.03,18.93,554900
2018-02-07,18.93,19.19,17.76,17.77,292700
2018-02-08,17.84,17.906,17.37,17.53,652700
2018-02-09,17.67,17.679,15.7,16.99,436000
2018-02-12,17.17,17.52,16.78,17.3,221700
2018-02-13,17.04,17.37,16.79,17.03,145400
2018-02-14,16.89,18.43,16.89,18.27,392400
2018-02-15,18.27,18.83,18.14,18.82,634700
2018-02-16,18.62,18.97,18.59,18.73,254100
2018-02-20,18.65,19.1,17.5,17.76,316100
2018-02-21,17.67,18.239,17.47,17.79,346100
2018-02-22,18.05,18.31,17.74,17.91,508900
2018-02-23,17.94,18.16,17.88,18.11,390500
2018-02-26,18.15,18.3,17.94,18.14,143600
2018-02-27,18.13,18.43,17.72,17.74,376500
2018-02-28,17.82,17.97,16.71,16.83,754900
2018-03-01,16.77,17.47,16.63,17.0,421600
2018-03-02,16.76,17.37,16.26,17.21,351700
2018-03-05,17.2,17.6,16.93,17.49,168900
2018-03-06,17.5,18.42,17.5,18.26,458600
2018-03-07,18.27,18.27,16.7,17.03,809400
2018-03-08,16.94,17.32,16.73,17.05,432200
2018-03-09,17.47,18.97,17.47,17.68,673300
2018-03-12,17.58,17.945,16.56,16.66,402000
2018-03-13,16.73,16.8,16.116,16.51,433300
2018-03-14,16.64,17.17,16.47,16.92,417800
2018-03-15,16.98,17.0,16.04,16.1,414300
2018-03-16,16.17,16.78,15.7,16.72,942000
2018-03-19,16.71,16.76,15.75,15.98,354500
2018-03-20,16.12,16.99,16.03,16.87,578800
2018-03-21,16.92,18.34,16.92,17.49,604000
2018-03-22,17.11,17.58,16.75,16.94,302000
2018-03-23,17.02,17.52,16.505,17.06,451300
2018-03-26,17.34,17.49,16.46,17.2,262200
2018-03-27,17.23,17.564,16.52,16.72,299900
2018-03-28,16.66,16.76,15.92,16.22,484100
2018-03-29,16.28,16.955,16.07,16.56,285700
2018-04-02,16.46,16.61,15.96,16.34,304700
2018-04-03,16.4,16.995,16.13,16.9,351900
2018-04-04,16.51,16.75,16.1,16.31,525300
2018-04-05,16.45,17.49,16.45,17.21,291500
2018-04-06,17.12,17.93,16.75,17.13,463100
2018-04-09,17.3,17.47,16.45,16.46,186800
2018-04-10,16.81,17.96,16.667,17.69,701900
2018-04-11,17.58,18.16,17.445,17.86,387400
2018-04-12,17.87,18.0,17.26,17.93,198500
2018-04-13,18.08,18.23,17.74,18.21,238900
2018-04-16,18.24,18.24,17.72,18.0,165700
2018-04-17,18.13,18.27,17.78,17.81,309800
2018-04-18,18.04,18.45,18.0,18.18,877200
2018-04-19,18.18,18.47,17.35,17.47,717100
2018-04-20,17.2,18.0,16.89,18.0,434600
2018-04-23,18.03,18.505,17.88,18.4,551100
2018-04-24,18.44,18.75,17.821,18.19,413600
2018-04-25,18.09,18.21,17.75,17.8,383800
2018-04-26,17.93,18.395,17.9,18.0,721900
2018-04-27,17.91,18.69,17.61,18.4,1776800
2018-04-30,18.65,19.438,18.65,18.8,797700
2018-05-01,18.8,18.895,17.85,18.22,379100
2018-05-02,18.21,18.71,18.21,18.65,419600
2018-05-03,18.68,18.77,17.85,18.23,458100
2018-05-04,18.17,18.52,18.095,18.37,260700
2018-05-07,18.55,19.3,18.55,18.98,425500
2018-05-08,19.0,19.15,18.3,18.85,534900
2018-05-09,19.8,20.177,17.82,19.0,1250300
2018-05-10,19.03,19.03,16.07,16.74,2358800
2018-05-11,17.15,18.06,17.0,17.18,1132800
2018-05-14,17.43,17.58,15.82,16.3,912100
2018-05-15,16.31,16.61,16.06,16.44,733000
2018-05-16,16.41,16.86,16.1,16.24,812100
2018-05-17,16.26,16.64,16.125,16.46,769600
2018-05-18,16.54,17.16,16.39,16.69,675500
2018-05-21,16.73,17.24,16.2,16.24,442700
2018-05-22,16.22,16.51,16.09,16.2,506800
2018-05-23,16.05,16.55,16.04,16.46,521400
2018-05-24,16.74,16.9,16.32,16.61,616700
2018-05-25,16.24,16.6,16.02,16.54,1229600
2018-05-29,16.26,16.8,16.26,16.34,434800
2018-05-30,16.43,16.82,16.28,16.47,602500
2018-05-31,16.36,16.43,15.42,15.44,543700
2018-06-01,15.5,15.5,14.35,14.97,1958200
2018-06-04,14.86,15.2,14.47,14.6,666100
2018-06-05,14.53,15.13,14.27,15.01,766500
2018-06-06,15.09,15.16,14.665,15.08,697400
2018-06-07,15.36,15.575,15.185,15.45,608200
2018-06-08,15.37,15.83,15.241,15.48,584400
2018-06-11,15.45,16.19,15.4,16.0,672700
2018-06-12,15.93,16.3,15.93,16.23,460900
2018-06-13,16.26,16.556,16.13,16.43,467600
2018-06-14,16.54,16.65,15.9,16.04,645900
2018-06-15,15.91,16.06,15.4,15.89,486900
2018-06-18,15.77,16.051,14.9,14.93,805900
2018-06-19,14.79,15.04,14.61,14.91,879900
2018-06-20,14.95,15.342,14.39,14.67,757100
2018-06-21,14.6,14.7,13.47,13.63,1248700
2018-06-22,14.03,14.66,13.9,14.56,1559700
2018-06-25,14.44,14.58,13.77,13.94,488200
2018-06-26,13.95,14.5,13.92,14.38,486800
2018-06-27,14.51,14.965,14.27,14.31,587100
2018-06-28,14.02,14.2,13.65,14.12,464800
2018-06-29,13.95,14.36,13.95,14.29,445100
2018-07-02,14.18,14.19,13.56,13.8,486200
2018-07-03,13.92,14.22,13.7,13.93,260400
2018-07-05,13.96,14.07,13.76,13.97,452100
2018-07-06,13.95,14.17,13.77,14.04,372400
2018-07-09,14.12,14.52,14.12,14.39,343600
2018-07-10,14.49,15.0,14.35,14.55,849400
2018-07-11,14.39,14.64,14.19,14.34,432500
2018-07-12,14.4,14.4,13.83,14.27,387400
2018-07-13,14.23,14.47,14.12,14.4,365700
2018-07-16,14.32,14.35,13.97,14.3,243100
2018-07-17,14.27,14.34,14.061,14.14,137800
2018-07-18,14.08,14.345,13.78,14.27,329200
2018-07-19,14.18,14.415,14.18,14.32,273600
2018-07-20,14.26,14.33,13.958,14.2,396800
2018-07-23,14.11,14.235,13.59,13.92,798500
2018-07-24,13.76,13.946,13.25,13.26,1277600
2018-07-25,13.26,13.52,12.974,13.47,529800
2018-07-26,13.47,13.75,13.26,13.64,505200
2018-07-27,13.59,14.72,13.52,14.63,893300
2018-07-30,14.75,15.3,14.48,14.64,445500
2018-07-31,15.45,15.82,14.83,15.69,1172300
2018-08-01,15.62,16.16,14.757,15.16,944900
2018-08-02,15.01,16.16,15.01,16.11,1027600
2018-08-03,16.3,17.1,16.24,16.74,910100
2018-08-06,16.75,17.0,16.36,16.59,386800
2018-08-07,16.89,17.055,16.62,16.78,382200
2018-08-08,16.8,17.05,16.71,16.99,591900
2018-08-09,16.97,17.49,16.87,17.22,471600
2018-08-10,17.2,17.6,16.98,17.57,407900
2018-08-13,17.52,17.59,17.16,17.2,266200
2018-08-14,17.38,17.4,16.93,17.16,376600
2018-08-15,17.11,17.11,16.1,16.21,557900
2018-08-16,16.31,16.34,15.92,16.15,337800
2018-08-17,16.14,16.67,15.96,16.58,222200
2018-08-20,16.51,16.73,16.22,16.66,304400
2018-08-21,17.0,17.22,16.51,16.65,390300
2018-08-22,16.77,17.14,16.56,17.03,357800
2018-08-23,17.0,17.07,16.59,16.92,347000
2018-08-24,16.98,17.18,16.81,16.9,205700
2018-08-27,16.91,17.26,16.64,16.75,220200
2018-08-28,16.79,17.06,16.73,16.95,162100
2018-08-29,17.12,17.34,17.04,17.27,213600
2018-08-30,17.31,17.33,16.78,16.84,305600
2018-08-31,16.82,17.31,16.66,17.22,358900
2018-09-04,17.23,17.23,16.84,16.98,379600
2018-09-05,16.87,16.87,16.26,16.67,380000
2018-09-06,16.63,16.63,16.05,16.09,386300
2018-09-07,16.0,16.0,15.04,15.29,483700
2018-09-10,15.42,15.89,15.42,15.72,170800
2018-09-11,15.87,16.92,15.8,16.7,545900
2018-09-12,16.87,17.14,16.48,16.85,408000
2018-09-13,16.78,17.14,16.71,17.05,327900
2018-09-14,17.05,17.33,16.92,17.03,272500
2018-09-17,17.01,17.09,16.55,16.67,192100
2018-09-18,16.88,17.41,16.88,17.37,438800
2018-09-19,17.41,18.02,17.41,17.47,465500
2018-09-20,17.63,17.68,16.92,17.25,200800
2018-09-21,17.25,17.47,17.11,17.3,549300
2018-09-24,17.43,18.49,17.43,18.47,570500
2018-09-25,18.55,19.23,18.498,18.96,925600
2018-09-26,18.94,18.96,17.67,18.4,496300
2018-09-27,18.47,18.519,18.028,18.27,226600
2018-09-28,18.23,19.09,18.23,18.89,537800
2018-10-01,18.91,19.17,18.45,18.87,340300
2018-10-02,18.82,18.92,17.79,18.07,386400
2018-10-03,18.12,18.95,18.11,18.69,362800
2018-10-04,18.56,19.0,18.33,18.67,190200
2018-10-05,18.63,18.75,18.05,18.36,239500
2018-10-08,18.25,18.69,17.93,18.65,197700
2018-10-09,18.66,19.2,18.485,18.86,399800
2018-10-10,18.52,18.62,16.86,17.4,682500
2018-10-11,17.2,17.72,17.15,17.39,336500
2018-10-12,17.71,17.71,17.07,17.42,444800
2018-10-15,17.45,17.64,17.315,17.44,279400
2018-10-16,17.6,17.98,17.55,17.75,669200
2018-10-17,17.62,17.8,16.98,17.21,461900
2018-10-18,16.95,16.95,15.66,15.98,870500
2018-10-19,16.0,16.49,15.57,15.6,389200
2018-10-22,15.65,15.65,15.07,15.32,383500
2018-10-23,14.96,14.96,14.4,14.54,543100
2018-10-24,14.58,14.58,13.69,13.69,400200
2018-10-25,13.91,14.085,13.58,13.71,557700
2018-10-26,13.43,14.0,13.26,13.66,633200
2018-10-29,13.59,13.62,13.06,13.08,493700
2018-10-30,13.02,13.46,12.88,13.28,632000
2018-10-31,13.44,13.5,13.11,13.2,834600
2018-11-01,13.85,14.865,13.43,14.61,1067400
2018-11-02,14.65,15.47,14.33,14.59,484700
2018-11-05,14.56,14.79,14.35,14.62,359000
2018-11-06,14.75,14.825,14.55,14.67,444700
2018-11-07,14.94,14.98,14.4,14.92,322800
2018-11-08,14.86,15.0,14.48,14.71,228700
2018-11-09,14.43,14.67,14.16,14.43,296800
2018-11-12,14.51,14.54,13.68,13.71,293100
2018-11-13,13.49,14.03,13.32,13.36,326400
2018-11-14,13.63,13.835,12.96,13.13,417500
2018-11-15,13.06,13.555,13.04,13.53,344800
2018-11-16,13.53,13.91,13.28,13.89,254800
2018-11-19,13.79,14.14,13.59,13.83,331500
2018-11-20,13.49,13.6,12.45,12.87,614500
2018-11-21,13.09,13.515,13.09,13.36,358300
2018-11-23,12.89,13.5,12.89,13.34,393100
2018-11-26,13.57,13.9,13.46,13.73,302700
2018-11-27,13.68,13.831,13.22,13.25,150300
2018-11-28,13.29,13.58,12.86,13.53,218300
2018-11-29,13.52,13.65,13.12,13.35,258200
2018-11-30,13.19,13.7,13.03,13.13,383900
2018-12-03,13.64,13.684,13.08,13.4,352000
2018-12-04,13.36,13.47,12.8,13.0,342500
2018-12-06,12.6,12.9,12.28,12.45,392600
2018-12-07,12.62,13.43,12.32,12.37,498200
2018-12-10,12.34,12.6,11.76,11.82,396500
2018-12-11,11.97,12.07,11.6,11.9,281700
2018-12-12,12.11,12.67,12.05,12.56,443200
2018-12-13,12.43,12.62,11.8,12.11,379200
2018-12-14,11.87,12.1,11.77,12.0,434900
2018-12-17,11.95,12.11,11.38,11.41,524300
2018-12-18,11.49,11.85,11.03,11.83,746700
2018-12-19,11.69,12.29,11.69,11.76,709300
2018-12-20,11.64,11.85,11.51,11.59,468100
2018-12-21,11.6,11.6,10.5,11.04,1068600
2018-12-24,10.84,11.15,10.8,10.85,688400
2018-12-26,10.96,11.73,10.5,11.72,561900
2018-12-27,11.34,11.81,11.22,11.8,364500
2018-12-28,11.86,12.06,11.548,11.85,501400
2018-12-31,12.03,12.11,11.74,12.09,324600
2019-01-02,11.89,12.74,11.71,12.61,372400
2019-01-03,12.48,12.7,11.945,12.35,317700
2019-01-04,12.66,13.185,12.585,13.14,285500
2019-01-07,13.13,13.35,12.8,13.35,407900
2019-01-08,13.64,13.64,12.97,13.3,282800
2019-01-09,13.5,14.175,13.31,13.75,485700
2019-01-10,13.53,13.87,13.21,13.71,474000
2019-01-11,13.56,14.285,13.5,14.14,478800
2019-01-14,13.94,14.4,13.67,14.27,333800
2019-01-15,14.34,14.63,14.14,14.61,309400
2019-01-16,14.58,14.99,14.45,14.92,342500
2019-01-17,14.78,15.28,14.78,15.2,760400
2019-01-18,15.37,15.69,15.23,15.6,381100
2019-01-22,15.39,15.39,14.74,14.93,379200
2019-01-23,15.05,15.12,14.49,14.64,374900
2019-01-24,14.81,15.3,14.73,15.27,249500
2019-01-25,15.53,15.67,15.405,15.51,367700
2019-01-28,15.22,15.32,15.07,15.15,343200
2019-01-29,15.26,15.28,14.85,14.95,332100
2019-01-30,15.11,15.11,14.59,14.6,418500
2019-01-31,14.61,15.11,14.361,15.04,253000
2019-02-01,15.08,15.57,15.08,15.2,337900
2019-02-04,15.08,15.624,14.87,15.1,442300
2019-02-05,15.16,15.16,14.9,14.99,216600
2019-02-06,14.94,15.066,14.78,14.81,285500
2019-02-07,14.7,14.74,14.11,14.27,419800
2019-02-08,14.17,14.32,13.62,13.68,542200
2019-02-11,13.59,14.44,13.563,14.09,681300
2019-02-12,14.3,14.62,13.97,14.42,374200
2019-02-13,14.47,15.47,14.47,14.99,466100
2019-02-14,14.93,15.43,14.75,15.35,260000
2019-02-15,15.52,15.98,15.45,15.77,265200
2019-02-19,15.65,16.65,15.65,16.5,596200
2019-02-20,16.25,16.55,15.97,16.3,678900
2019-02-21,16.26,16.4,15.92,15.96,430600
2019-02-22,16.08,16.25,15.93,16.04,147800
2019-02-25,16.05,16.38,15.97,16.08,202200
2019-02-26,16.09,16.35,16.05,16.16,327500
2019-02-27,16.36,16.55,15.975,16.48,542000
2019-02-28,17.02,17.35,16.0,17.0,914800
2019-03-01,16.93,17.21,16.61,17.02,426200
2019-03-04,17.36,17.6,16.855,17.12,940800
2019-03-05,17.41,17.43,16.64,16.84,260200
2019-03-06,16.83,16.83,15.74,15.85,443900
2019-03-07,15.87,15.87,15.4,15.48,282700
2019-03-08,15.07,15.37,14.86,15.28,349700
2019-03-11,15.27,15.61,15.15,15.44,387000
2019-03-12,15.51,16.16,15.46,16.04,498000
2019-03-13,16.4,16.44,16.03,16.18,697700
2019-03-14,16.22,16.59,16.12,16.53,1112800
2019-03-15,16.49,17.07,16.49,16.74,1113700
2019-03-18,16.87,17.07,16.42,16.46,598800
2019-03-19,16.7,16.797,16.22,16.33,269300
2019-03-20,16.33,16.79,16.04,16.62,415300
2019-03-21,16.45,17.04,16.32,16.98,337300
2019-03-22,16.8,16.8,15.48,15.5,373600
2019-03-25,15.44,15.87,15.2,15.86,420300
2019-03-26,16.04,16.48,16.03,16.26,252600
2019-03-27,16.2,16.295,15.77,16.06,236600
2019-03-28,16.04,16.64,16.04,16.57,242600
2019-03-29,16.7,16.71,16.08,16.44,490800
2019-04-01,16.6,16.815,16.45,16.67,281700
2019-04-02,16.7,17.12,16.44,17.03,448600
2019-04-03,17.19,17.81,16.935,16.98,500900
2019-04-04,17.0,17.04,16.65,16.77,277900
2019-04-05,16.82,17.0,16.62,16.82,437300
2019-04-08,16.77,17.19,16.722,16.88,232000
2019-04-09,16.79,16.93,16.475,16.58,281500
2019-04-10,16.64,17.131,16.64,16.98,228300
2019-04-11,17.05,17.7,17.0,17.67,472500
2019-04-12,17.75,18.39,17.75,18.25,621100
2019-04-15,18.25,18.74,18.13,18.23,628300
2019-04-16,18.34,18.88,18.19,18.83,384500
2019-04-17,18.95,18.96,18.44,18.54,613900
2019-04-18,18.59,18.75,18.375,18.43,855800
2019-04-22,18.59,18.92,18.51,18.92,545400
2019-04-23,18.92,19.31,18.68,18.9,1104700
2019-04-24,18.9,19.09,18.59,18.62,480700
2019-04-25,18.62,18.83,18.43,18.59,309500
2019-04-26,18.43,19.097,18.39,18.55,888600
2019-04-29,18.6,18.65,17.91,18.0,562400
2019-04-30,18.1,18.25,16.81,16.99,686600
2019-05-01,18.11,18.25,17.21,17.75,894700
2019-05-02,17.55,18.22,17.285,17.5,582700
2019-05-03,17.6,18.32,17.53,18.14,1673800
2019-05-06,17.91,18.85,17.72,18.75,587300
2019-05-07,18.54,18.72,17.77,17.91,792800
2019-05-08,18.08,18.26,17.71,17.86,844000
2019-05-09,17.67,18.036,17.55,17.8,704600
2019-05-10,17.74,17.93,17.23,17.47,697400
2019-05-13,17.2,17.35,16.81,17.01,371500
2019-05-14,17.22,17.51,17.14,17.23,368600
2019-05-15,17.04,17.75,17.01,17.67,261600
2019-05-16,17.67,18.23,17.67,18.13,361700
2019-05-17,17.9,18.14,17.14,17.19,617900
2019-05-20,17.11,17.238,16.89,16.93,373000
2019-05-21,17.01,17.27,16.88,16.97,317600
2019-05-22,16.78,16.86,15.64,15.92,486700
2019-05-23,15.6,15.6,15.08,15.35,941400
2019-05-24,15.54,15.62,14.65,14.82,1124800
2019-05-28,14.79,14.95,14.58,14.75,855700
2019-05-29,14.41,14.86,14.11,14.68,479600
2019-05-30,14.67,14.84,14.22,14.29,367200
2019-05-31,14.0,14.36,13.86,14.23,760600
2019-06-03,14.21,14.58,14.19,14.44,825100
2019-06-04,14.47,14.8,14.43,14.58,243700
2019-06-05,14.75,14.855,14.17,14.53,384600
2019-06-06,14.48,14.75,14.385,14.64,530000
2019-06-07,14.71,15.54,14.55,15.33,699300
2019-06-10,15.44,15.91,15.42,15.7,425700
2019-06-11,15.92,16.225,15.57,15.62,402300
2019-06-12,15.51,15.51,14.86,15.07,326900
2019-06-13,15.26,15.4,14.856,15.15,475900
2019-06-14,15.1,15.16,14.92,15.0,324100
2019-06-17,14.98,15.48,14.795,15.45,372200
2019-06-18,15.51,15.96,15.49,15.62,413700
2019-06-19,15.54,15.75,15.35,15.38,309000
2019-06-20,15.72,15.875,15.39,15.81,948700
2019-06-21,15.81,16.01,15.12,15.55,615000
2019-06-24,15.5,15.99,14.84,14.88,579600
2019-06-25,14.85,15.37,14.65,15.12,493700
2019-06-26,15.25,15.77,15.2,15.42,427100
2019-06-27,15.42,15.49,14.93,14.99,450900
2019-06-28,15.08,15.28,14.9,14.98,1101900
2019-07-01,15.25,15.45,14.79,14.82,432500
2019-07-02,14.74,14.74,14.11,14.14,788500
2019-07-03,14.26,14.26,13.74,13.81,364100
2019-07-05,13.66,13.97,13.54,13.78,556100
2019-07-08,13.69,13.97,13.5,13.75,305500
2019-07-09,13.75,13.86,13.51,13.77,325300
2019-07-10,13.81,14.24,13.63,14.07,497100
2019-07-11,14.08,14.35,13.93,14.05,317200
2019-07-12,14.04,14.55,14.0,14.33,521400
2019-07-15,14.37,14.5,13.56,13.62,536200
2019-07-16,13.51,13.89,13.34,13.42,454900
2019-07-17,13.35,13.42,12.9,12.92,655800
2019-07-18,12.91,13.27,12.59,13.12,639400
2019-07-19,13.1,13.23,12.88,13.09,444200
2019-07-22,13.19,13.75,13.19,13.66,447400
2019-07-23,13.66,13.88,13.4,13.5,406300
2019-07-24,13.47,13.87,13.47,13.77,375200
2019-07-25,13.79,13.87,13.26,13.36,378800
2019-07-26,13.51,13.52,13.24,13.5,360000
2019-07-29,13.49,13.63,12.825,13.01,469100
2019-07-30,13.05,14.04,12.97,14.01,541800
2019-07-31,13.51,14.89,13.25,14.31,1305900
2019-08-01,14.01,14.01,13.035,13.33,564500
2019-08-02,13.28,13.72,13.16,13.66,480000
2019-08-05,13.1,13.4,13.0,13.29,366600
2019-08-06,13.42,13.49,13.02,13.44,497700
2019-08-07,13.24,13.61,12.96,13.49,301300
2019-08-08,13.66,13.82,13.44,13.81,307900
2019-08-09,13.85,14.0,13.48,13.86,388000
2019-08-12,13.76,14.015,13.63,13.94,205600
2019-08-13,13.92,14.38,13.89,13.91,384400
2019-08-14,13.55,13.62,13.13,13.19,410600
2019-08-15,13.11,13.35,12.925,13.14,394000
2019-08-16,13.2,13.91,13.13,13.85,697500
2019-08-19,14.0,14.08,13.75,13.91,433200
2019-08-20,13.86,13.93,13.64,13.82,337900
2019-08-21,14.07,14.07,13.715,13.81,316000
2019-08-22,13.9,14.01,13.7,13.75,244700
2019-08-23,13.53,13.87,13.17,13.33,355800
2019-08-26,13.51,13.645,13.23,13.31,453000
2019-08-27,13.42,13.5,12.79,12.84,338600
2019-08-28,12.91,13.75,12.9,13.64,320100
2019-08-29,13.71,14.24,13.71,14.19,618600
2019-08-30,14.29,14.55,13.73,13.75,320500
2019-09-03,13.46,13.58,13.23,13.28,386100
2019-09-04,13.57,13.7,13.2,13.68,495000
2019-09-05,13.85,14.03,13.45,13.48,583800
2019-09-06,13.45,13.61,13.2,13.47,291700
2019-09-09,13.63,13.76,13.395,13.7,303200
2019-09-10,13.75,14.45,13.62,13.9,704600
2019-09-11,14.04,14.22,13.78,13.92,365900
2019-09-12,13.75,13.87,13.29,13.65,401700
2019-09-13,13.76,14.015,13.45,13.89,379900
2019-09-16,14.39,15.18,14.37,14.78,750800
2019-09-17,14.8,14.8,13.58,13.65,413100
2019-09-18,13.41,13.56,12.8,13.13,597200
2019-09-19,13.3,13.44,13.09,13.18,388200
2019-09-20,13.15,13.71,13.15,13.6,420900
2019-09-23,13.45,14.09,13.45,14.07,260100
2019-09-24,14.02,14.02,13.51,13.58,506100
2019-09-25,13.48,13.72,13.4,13.69,167800
2019-09-26,13.58,13.69,13.36,13.55,189700
2019-09-27,13.45,13.73,13.38,13.52,302400
2019-09-30,13.56,13.6,13.365,13.42,292300
2019-10-01,13.6,13.63,13.18,13.25,413600
2019-10-02,13.2,13.27,12.74,12.82,557200
2019-10-03,12.78,12.82,12.31,12.5,341100
2019-10-04,12.51,12.66,11.97,12.05,608700
2019-10-07,11.99,12.535,11.93,12.31,590200
2019-10-08,12.13,12.26,11.95,12.09,315400
2019-10-09,12.12,12.21,11.71,11.81,769600
2019-10-10,11.8,11.995,11.71,11.85,461300
2019-10-11,11.98,12.23,11.93,12.08,398600
2019-10-14,11.88,11.95,11.59,11.83,214300
2019-10-15,11.79,11.93,11.6,11.63,276000
2019-10-16,11.59,11.645,11.09,11.2,597100
2019-10-17,11.2,11.35,11.065,11.27,580800
2019-10-18,11.26,11.45,11.0,11.01,421300
2019-10-21,11.06,11.425,11.06,11.24,251400
2019-10-22,11.24,11.45,11.16,11.28,278000
2019-10-23,11.21,11.52,11.17,11.38,211200
2019-10-24,11.43,11.47,11.28,11.42,213200
2019-10-25,11.41,11.895,11.3,11.79,375300
2019-10-28,11.88,11.98,11.68,11.72,240700
2019-10-29,11.55,11.76,11.44,11.45,417000
2019-10-30,11.43,11.51,10.85,10.9,644200
2019-10-31,10.83,11.27,10.31,10.64,1230300
2019-11-01,10.64,11.23,10.24,11.05,1079000
2019-11-04,11.26,11.75,11.1,11.61,689300
2019-11-05,11.84,12.071,11.35,11.68,731600
2019-11-06,11.68,11.76,11.41,11.41,537900
2019-11-07,11.63,11.93,11.53,11.61,710600
2019-11-08,11.5,11.64,11.32,11.54,247900
2019-11-11,11.31,11.58,11.31,11.58,235600
2019-11-12,11.58,11.71,11.43,11.7,424900
2019-11-13,11.57,11.64,11.2,11.23,305800
2019-11-14,11.22,11.37,11.15,11.19,364900
2019-11-15,11.28,11.37,11.12,11.15,425200
2019-11-18,11.05,11.05,10.75,10.97,388700
2019-11-19,10.91,10.92,10.58,10.71,218200
2019-11-20,10.7,11.046,10.335,10.77,795000
2019-11-21,10.81,10.97,10.56,10.65,410600
2019-11-22,10.68,10.75,10.53,10.64,284400
2019-11-25,10.61,11.0,10.54,10.92,591600
2019-11-26,10.9,11.16,10.82,10.94,353500
2019-11-27,10.96,11.23,10.96,11.17,265800
2019-11-29,11.0,11.0,10.594,10.73,160800
2019-12-02,10.8,10.92,10.69,10.76,239900
2019-12-03,10.66,10.66,10.47,10.51,496100
2019-12-04,10.93,11.71,10.73,11.57,661700
2019-12-05,11.69,11.88,11.545,11.74,424500
2019-12-06,11.78,12.22,11.73,12.07,961900
2019-12-09,11.96,12.09,11.91,11.94,251700
2019-12-10,12.46,12.55,12.12,12.42,401700
2019-12-11,12.4,12.64,12.28,12.54,334900
2019-12-12,12.64,13.18,12.56,13.13,629700
2019-12-13,13.03,13.19,12.89,13.15,638100
2019-12-16,13.32,13.69,13.32,13.41,385300
2019-12-17,13.46,14.0,13.45,13.98,665500
2019-12-18,13.99,14.23,13.9,14.19,740400
2019-12-19,14.19,14.625,14.06,14.47,415000
2019-12-20,14.55,14.75,14.16,14.25,823500
2019-12-23,14.33,14.65,14.19,14.6,252200
2019-12-24,14.58,14.73,14.49,14.59,150800
2019-12-26,14.56,14.74,14.5,14.59,200200
2019-12-27,14.65,14.66,14.27,14.28,249000
2019-12-30,14.34,14.66,14.34,14.45,279000
2019-12-31,14.44,14.475,13.99,14.0,601000
2020-01-02,14.28,14.34,13.895,14.0,382000
2020-01-03,14.21,14.43,13.85,14.01,269600
2020-01-06,14.01,14.61,13.96,14.45,560700
2020-01-07,14.37,14.6,14.12,14.39,427500
2020-01-08,14.31,14.58,14.08,14.1,386600
2020-01-09,14.21,14.21,13.9,13.97,217800
2020-01-10,13.88,13.93,13.59,13.62,298200
2020-01-13,13.62,13.67,13.32,13.38,284000
2020-01-14,13.34,13.64,13.22,13.41,433100
2020-01-15,13.36,13.36,13.07,13.17,364400
2020-01-16,13.27,13.89,13.27,13.55,251700
2020-01-17,13.68,13.68,13.385,13.42,268600
2020-01-21,13.24,13.405,13.08,13.1,338800
2020-01-22,13.02,13.06,12.77,12.95,342200
2020-01-23,12.75,12.82,12.49,12.62,282900
2020-01-24,12.57,12.65,12.42,12.5,259100
2020-01-27,12.15,12.31,12.06,12.07,506700
2020-01-28,12.21,12.3,12.13,12.2,412700
2020-01-29,12.22,12.43,11.93,11.96,409400
2020-01-30,11.73,12.06,11.69,11.79,552800
2020-01-31,11.71,11.96,11.5,11.53,484900
2020-02-03,11.57,11.9,11.505,11.83,830300
2020-02-04,12.12,12.2,11.77,11.8,353200
2020-02-05,12.0,12.0,11.75,12.0,544000
2020-02-06,12.04,12.16,11.8,11.94,390700
2020-02-07,11.81,12.0,11.73,11.92,331500
2020-02-10,11.78,12.1,11.71,11.75,444800
2020-02-11,11.86,12.01,11.79,11.82,267600
2020-02-12,12.03,12.12,11.78,11.95,479200
2020-02-13,11.86,12.37,11.85,12.09,359500
2020-02-14,12.14,12.34,12.06,12.33,373200
2020-02-18,12.34,12.52,12.215,12.49,473700
2020-02-19,12.83,14.23,12.6,13.48,1053100
2020-02-20,13.3,13.82,13.08,13.11,692500
2020-02-21,13.0,13.25,12.84,13.11,349300
2020-02-24,12.61,12.74,12.43,12.6,370500
2020-02-25,12.63,12.63,11.8,11.84,505400
2020-02-26,11.84,12.07,11.6,11.63,632600
2020-02-27,11.3,11.365,10.5,10.55,848200
2020-02-28,10.22,10.71,10.2,10.6,750900
2020-03-02,10.73,10.8,10.32,10.76,480900
2020-03-03,10.69,10.96,10.13,10.39,790100
2020-03-04,10.52,10.785,10.25,10.61,490900
2020-03-05,10.29,10.79,10.15,10.25,492400
2020-03-06,9.89,10.07,9.54,9.75,565400
2020-03-09,8.39,8.39,6.5,7.41,905400
2020-03-10,7.8,7.864,6.79,7.13,1365800
2020-03-11,6.66,6.95,6.06,6.13,1276500
2020-03-12,5.71,5.765,5.0,5.11,817800
2020-03-13,5.51,5.557,4.88,5.47,676100
2020-03-16,4.94,5.36,4.8,5.13,644500
2020-03-17,5.2,5.835,4.85,5.68,619000
2020-03-18,5.31,5.59,5.1,5.14,672500
2020-03-19,5.25,5.59,4.99,5.0,628600
2020-03-20,5.06,5.16,4.66,4.83,754100
2020-03-23,4.8,5.05,4.5,4.55,389800
2020-03-24,4.78,5.46,4.66,5.4,660200
2020-03-25,5.4,5.68,4.88,5.35,318600
2020-03-26,5.52,5.74,5.08,5.61,605400
2020-03-27,5.21,5.77,5.12,5.48,429800
2020-03-30,5.44,5.64,5.14,5.25,587100
2020-03-31,5.37,5.58,5.09,5.25,672500
2020-04-01,5.06,5.24,4.81,4.92,758900
2020-04-02,5.07,5.6,5.04,5.37,628800
2020-04-03,5.5,5.54,5.085,5.32,952700
2020-04-06,5.54,5.54,5.01,5.17,748600
2020-04-07,5.41,5.61,5.135,5.29,749600
2020-04-08,5.37,5.67,5.24,5.67,669900
2020-04-09,5.75,6.3,5.61,5.91,1226400
2020-04-13,6.3,6.378,5.78,6.17,375500
2020-04-14,6.21,6.33,5.85,6.06,287800
2020-04-15,5.47,5.67,5.17,5.47,390700
2020-04-16,5.41,5.477,5.19,5.39,295800
2020-04-17,5.49,5.74,5.315,5.5,872900
2020-04-20,5.31,5.94,5.21,5.4,849600
2020-04-21,5.33,5.64,5.11,5.54,400200
2020-04-22,5.75,5.89,5.43,5.56,548900
2020-04-23,5.85,6.18,5.67,6.06,735400
2020-04-24,6.2,6.33,5.76,6.0,300900
2020-04-27,6.01,6.21,5.72,6.1,402000
2020-04-28,6.29,6.52,6.13,6.48,314600
2020-04-29,6.84,7.34,6.83,7.18,509300
2020-04-30,7.25,7.25,6.61,6.84,514200
2020-05-01,7.2,7.61,6.32,6.49,849600
2020-05-04,6.47,6.57,6.13,6.55,429000
2020-05-05,6.85,6.95,6.34,6.44,507400
2020-05-06,6.49,6.64,6.042,6.12,845800
2020-05-07,6.24,6.58,6.16,6.34,308100
2020-05-08,6.45,7.0,6.4,6.97,384100
2020-05-11,6.77,6.85,6.4,6.52,429400
2020-05-12,6.55,6.65,6.26,6.43,586300
2020-05-13,6.29,6.32,5.06,5.32,798700
2020-05-14,5.41,5.765,5.14,5.48,335400
2020-05-15,5.42,5.655,5.35,5.63,428500
2020-05-18,5.79,6.39,5.79,6.35,486200
2020-05-19,6.26,6.27,5.84,5.86,378600
2020-05-20,6.03,6.5,6.03,6.36,520300
2020-05-21,6.32,6.5,6.28,6.4,312400
2020-05-22,6.45,6.45,6.07,6.21,196900
2020-05-26,6.53,6.87,6.4,6.76,506900
2020-05-27,6.95,7.06,6.59,6.81,541400
2020-05-28,6.83,7.09,6.61,6.85,548200
2020-05-29,6.8,6.95,6.45,6.93,1149300
2020-06-01,6.75,6.91,6.57,6.77,379800
2020-06-02,6.88,7.16,6.81,7.08,178000
2020-06-03,7.2,7.5,7.2,7.39,312400
2020-06-04,7.23,7.69,7.14,7.69,267400
2020-06-05,8.1,8.49,8.08,8.17,348100
2020-06-08,8.65,9.1,8.575,9.06,605300
2020-06-09,8.74,8.79,8.25,8.39,377600
2020-06-10,8.39,8.39,7.75,7.95,378400
2020-06-11,7.42,7.66,7.02,7.06,408500
2020-06-12,7.51,7.62,7.07,7.36,362600
2020-06-15,6.96,7.37,6.81,7.15,428100
2020-06-16,7.55,7.72,7.28,7.47,651400
2020-06-17,7.56,7.56,7.01,7.18,378500
2020-06-18,7.04,7.37,6.943,7.33,595200
2020-06-19,7.57,7.596,7.1,7.51,986200
2020-06-22,7.41,7.49,7.11,7.39,381300
2020-06-23,7.5,7.63,7.35,7.46,495600
2020-06-24,7.3,7.3,6.75,6.85,374300
2020-06-25,6.76,7.08,6.76,7.04,260000
2020-06-26,6.93,7.12,6.61,7.12,1252200
2020-06-29,7.12,7.43,7.06,7.22,442900
2020-06-30,7.2,7.5,7.09,7.42,411800
2020-07-01,7.45,7.54,7.03,7.19,214300
2020-07-02,7.35,7.47,7.08,7.12,258600
2020-07-06,7.36,7.37,6.98,7.24,248900
2020-07-07,7.21,7.98,7.0,7.45,2141200
2020-07-08,7.48,7.64,7.089,7.26,531900
2020-07-09,7.23,7.23,6.68,6.79,818600
2020-07-10,6.7,7.02,6.5,6.9,323400
2020-07-13,6.99,7.06,6.8,6.84,412300
2020-07-14,6.8,7.24,6.78,7.16,466300
2020-07-15,7.39,7.476,7.19,7.37,326200
2020-07-16,7.34,7.41,7.14,7.24,295900
2020-07-17,7.28,7.375,7.13,7.18,140900
2020-07-20,7.06,7.2,6.93,6.99,287000
2020-07-21,7.13,7.66,7.115,7.62,517800
2020-07-22,7.52,7.75,7.33,7.67,447200
2020-07-23,7.65,8.0,7.61,7.99,313100
2020-07-24,7.99,8.14,7.77,7.89,202400
2020-07-27,7.92,8.05,7.77,7.84,197000
2020-07-28,7.8,7.86,7.55,7.58,163800
2020-07-29,7.6,7.79,7.44,7.77,190700
2020-07-30,7.54,7.79,7.33,7.63,244900
2020-07-31,7.21,7.44,6.85,7.26,410600
2020-08-03,7.26,7.46,7.2,7.39,190400
2020-08-04,7.37,7.43,7.26,7.3,186000
2020-08-05,7.41,7.75,7.4,7.74,342900
2020-08-06,7.8,7.82,7.57,7.61,157400
2020-08-07,7.59,7.845,7.465,7.83,393800
2020-08-10,7.87,8.14,7.85,8.11,309800
2020-08-11,8.25,8.43,8.02,8.1,293300
2020-08-12,8.27,8.27,8.01,8.2,290600
2020-08-13,7.95,8.09,7.9,8.0,195700
2020-08-14,7.89,8.15,7.84,8.08,139800
2020-08-17,8.03,8.11,7.89,8.05,146100
2020-08-18,8.0,8.04,7.72,7.81,316100
2020-08-19,7.78,7.87,7.72,7.75,87900
2020-08-20,7.6,7.72,7.46,7.65,220700
2020-08-21,7.57,7.62,7.4,7.51,257200
2020-08-24,7.62,7.92,7.53,7.89,166300
2020-08-25,7.95,8.04,7.74,7.83,144400
2020-08-26,7.91,7.91,7.72,7.78,216200
2020-08-27,7.81,7.85,7.685,7.76,93500
2020-08-28,7.82,8.03,7.71,8.01,192500
2020-08-31,7.99,7.99,7.72,7.78,506300
2020-09-01,7.84,7.85,7.64,7.74,211600
2020-09-02,7.7,7.75,7.6,7.63,179200
2020-09-03,7.56,7.715,7.45,7.57,214000
2020-09-04,7.72,7.735,7.47,7.57,226200
2020-09-08,7.42,7.52,7.17,7.33,288700
2020-09-09,7.38,7.51,7.21,7.24,289400
2020-09-10,7.24,7.26,6.9,6.91,270900
2020-09-11,6.94,6.94,6.6,6.64,208700
2020-09-14,6.65,6.655,6.39,6.56,290500
2020-09-15,6.57,6.804,6.55,6.56,230800
2020-09-16,6.65,7.04,6.54,6.96,636700
2020-09-17,6.85,7.04,6.765,6.96,485500
2020-09-18,6.98,7.09,6.67,6.7,547400
2020-09-21,6.51,6.62,6.33,6.61,323300
2020-09-22,6.6,6.67,6.22,6.46,500100
2020-09-23,6.46,6.5,6.15,6.21,322300
2020-09-24,6.2,6.42,6.1,6.21,333300
2020-09-25,6.19,6.27,6.095,6.18,167600
2020-09-28,6.28,6.61,6.28,6.46,338700
2020-09-29,6.41,6.59,6.3,6.58,428100
2020-09-30,6.6,6.67,6.25,6.34,253100
2020-10-01,6.26,6.5,6.245,6.49,236300
2020-10-02,6.26,6.52,6.22,6.45,210000
2020-10-05,6.52,6.72,6.48,6.67,141800
2020-10-06,6.75,6.765,6.42,6.44,443100
2020-10-07,6.47,6.54,6.37,6.42,151000
2020-10-08,6.51,6.68,6.51,6.63,303600
2020-10-09,6.63,6.65,6.48,6.49,171500
2020-10-12,6.47,6.56,6.35,6.52,152900
2020-10-13,6.5,6.57,6.35,6.4,96400
2020-10-14,6.4,6.63,6.4,6.47,155200
2020-10-15,6.34,6.56,6.25,6.55,140200
2020-10-16,6.47,6.57,6.26,6.28,104500
2020-10-19,6.3,6.52,6.2,6.21,132700
2020-10-20,6.23,6.42,6.23,6.36,106800
2020-10-21,6.32,6.37,6.05,6.05,134600
2020-10-22,6.1,6.39,6.04,6.26,159600
2020-10-23,6.29,6.4,6.18,6.3,131000
2020-10-26,6.19,6.2,6.0,6.08,200600
2020-10-27,6.04,6.09,5.97,6.0,159800
2020-10-28,5.91,5.956,5.67,5.79,190300
2020-10-29,5.71,5.86,5.55,5.8,206800
2020-10-30,5.69,6.07,5.65,5.93,230300
2020-11-02,5.95,6.35,5.91,6.18,151300
2020-11-03,6.35,6.45,6.08,6.14,193000
2020-11-04,6.05,6.24,5.77,5.96,145800
2020-11-05,5.97,6.18,5.84,5.85,166100
2020-11-06,5.86,5.98,5.76,5.94,276400
2020-11-09,6.48,6.84,6.36,6.49,323800
2020-11-10,6.67,6.93,6.5,6.82,198000
2020-11-11,6.88,6.88,6.52,6.7,138800
2020-11-12,6.6,6.73,6.38,6.44,160300
2020-11-13,6.49,6.6,6.31,6.53,96300
2020-11-16,6.83,7.05,6.75,6.95,239300
2020-11-17,6.89,7.0,6.8,6.92,219700
2020-11-18,6.96,7.22,6.87,6.87,316800
2020-11-19,6.8,7.05,6.746,6.99,231000
2020-11-20,6.92,7.02,6.82,6.89,283800
2020-11-23,6.93,7.32,6.93,7.17,306300
2020-11-24,7.38,7.55,7.25,7.45,291600
2020-11-25,7.31,7.49,6.94,7.07,200800
2020-11-27,7.01,7.01,6.77,6.95,80400
2020-11-30,6.9,6.91,6.7,6.72,255400
2020-12-01,6.89,6.97,6.67,6.9,340600
2020-12-02,6.9,7.18,6.9,7.15,274500
2020-12-03,7.61,7.62,7.17,7.27,246300
2020-12-04,7.4,7.76,7.26,7.65,236600
2020-12-07,7.53,7.85,7.42,7.73,190300
2020-12-08,7.63,8.22,7.58,8.21,279100
2020-12-09,8.25,8.78,8.25,8.58,385900
2020-12-10,8.55,9.18,8.482,9.15,316100
2020-12-11,9.06,9.62,8.94,9.61,332600
2020-12-14,9.8,9.89,9.49,9.7,413200
2020-12-15,9.84,9.88,9.51,9.68,490600
2020-12-16,9.75,9.75,9.58,9.69,320800
2020-12-17,9.71,9.71,9.14,9.28,482300
2020-12-18,9.28,9.41,8.74,8.74,728900
2020-12-21,8.42,8.715,8.32,8.39,395000
2020-12-22,8.3,8.36,8.04,8.12,351300
2020-12-23,8.21,8.5,8.19,8.48,497500
2020-12-24,8.53,8.56,8.2,8.3,80700
2020-12-28,8.37,8.53,8.17,8.2,127400
2020-12-29,8.25,8.39,8.01,8.09,275500
2020-12-30,8.11,8.33,8.11,8.24,146200
2020-12-31,8.2,8.33,8.14,8.14,133100
2021-01-04,8.3,8.47,8.055,8.35,337300
2021-01-05,8.45,9.12,8.355,8.74,409300
2021-01-06,8.98,9.28,8.85,9.1,229500
2021-01-07,9.15,9.255,8.95,9.16,186400
2021-01-08,9.22,9.25,9.04,9.07,322600
2021-01-11,8.93,9.53,8.93,9.53,279500
2021-01-12,9.67,10.07,9.56,9.95,297400
2021-01-13,9.99,9.99,9.4,9.89,208600
2021-01-14,9.9,10.8,9.9,10.67,327800
2021-01-15,10.7,10.75,10.15,10.36,315500
2021-01-19,10.57,10.57,10.08,10.37,274600
2021-01-20,10.62,10.63,9.95,10.17,284100
2021-01-21,10.17,10.26,9.61,9.8,216000
2021-01-22,9.6,10.17,9.5,10.15,214800
2021-01-25,10.21,10.21,9.57,9.82,189000
2021-01-26,9.9,10.029,9.61,9.68,129500
2021-01-27,9.51,9.68,9.045,9.06,193200
2021-01-28,9.13,9.28,8.96,9.16,187800
2021-01-29,9.14,9.39,9.02,9.1,214100
2021-02-01,9.22,9.48,8.93,9.39,191000
2021-02-02,9.66,9.7,9.33,9.52,160700
2021-02-03,9.52,9.78,9.5,9.7,157700
2021-02-04,9.74,9.98,9.505,9.85,320600
2021-02-05,10.0,10.07,9.79,9.91,154100
2021-02-08,10.04,10.43,9.97,10.33,456000
2021-02-09,10.44,11.3,10.15,11.09,1065300
2021-02-10,11.43,11.64,11.18,11.52,542600
2021-02-11,11.65,11.782,10.9,11.2,332100
2021-02-12,11.35,12.21,11.21,12.17,412200
2021-02-16,12.5,12.5,11.9,12.16,270400
2021-02-17,12.16,12.34,11.78,11.9,330800
2021-02-18,11.84,11.99,11.3,11.5,179900
2021-02-19,11.5,11.65,11.408,11.64,202900
2021-02-22,11.79,11.99,11.55,11.88,298200
2021-02-23,11.9,12.19,11.63,12.13,416300
2021-02-24,12.23,12.71,11.98,12.07,458900
2021-02-25,12.4,12.4,11.03,11.48,599200
2021-02-26,11.78,12.403,11.6,11.81,521900
2021-03-01,12.36,12.79,11.86,12.05,628900
2021-03-02,12.21,12.34,11.61,11.63,421700
2021-03-03,11.7,12.06,11.47,11.48,331200
2021-03-04,11.48,11.9,11.18,11.83,504300
2021-03-05,12.31,12.82,12.0,12.76,623400
2021-03-08,12.89,13.32,12.59,13.28,460000
2021-03-09,13.3,13.305,12.865,13.29,1022000
2021-03-10,13.41,14.1,13.31,14.02,603300
2021-03-11,14.02,14.7,13.86,14.44,701800
2021-03-12,14.44,14.64,14.11,14.62,607700
2021-03-15,14.59,14.8,14.0,14.76,585900
2021-03-16,14.48,14.83,13.97,14.5,1020400
2021-03-17,14.36,14.8,14.11,14.79,422800
2021-03-18,14.81,15.075,14.5,14.5,1318400
2021-03-19,14.5,14.53,13.01,13.03,682300
2021-03-22,12.95,13.0,12.25,12.56,413300
2021-03-23,12.22,12.99,12.18,12.68,963400
2021-03-24,12.79,13.22,12.68,12.82,404900
2021-03-25,12.72,12.98,11.957,12.88,346600
2021-03-26,13.08,13.2,12.82,13.07,259600
2021-03-29,13.13,13.332,12.44,12.45,170500
2021-03-30,12.35,12.52,12.17,12.26,203100
2021-03-31,12.29,12.4,12.1,12.27,264400
2021-04-01,12.29,12.84,12.15,12.82,215400
2021-04-05,12.85,12.88,12.03,12.36,322600
2021-04-06,12.38,12.744,12.25,12.28,147300
2021-04-07,12.29,12.52,12.08,12.15,311300
2021-04-08,12.15,12.37,11.7,12.31,212900
2021-04-09,11.97,12.19,11.7,11.74,245400
2021-04-12,11.76,11.93,11.43,11.5,177000
2021-04-13,11.46,11.46,11.11,11.25,246100
2021-04-14,11.24,12.06,11.22,11.72,214800
2021-04-15,11.75,11.75,11.24,11.5,127100
2021-04-16,11.61,11.69,11.16,11.2,243000
2021-04-19,11.09,11.35,11.0,11.17,170100
2021-04-20,11.11,11.23,10.57,10.74,158600
2021-04-21,10.42,10.48,9.81,10.31,1205700
2021-04-22,10.16,10.41,10.062,10.16,417100
2021-04-23,10.07,10.41,9.96,10.27,212800
2021-04-26,10.21,10.42,10.09,10.4,320700
2021-04-27,10.27,10.57,10.22,10.41,197800
2021-04-28,10.45,11.12,10.45,11.0,211900
2021-04-29,11.07,11.22,10.86,11.17,284800
2021-04-30,10.93,11.15,10.9,10.94,351100
2021-05-03,11.04,11.71,11.04,11.63,406700
2021-05-04,11.67,11.74,10.61,10.61,510100
2021-05-05,10.25,10.472,9.92,10.21,522500
2021-05-06,10.15,10.21,9.82,10.14,349300
2021-05-07,10.12,10.76,10.01,10.76,521000
2021-05-10,10.76,11.05,10.32,10.32,300200
2021-05-11,10.0,10.35,9.95,10.0,197300
2021-05-12,10.0,10.53,10.0,10.17,302100
2021-05-13,10.11,10.24,9.835,10.0,327700
2021-05-14,10.1,10.51,10.095,10.33,231200
2021-05-17,10.19,10.5,10.14,10.49,215700
2021-05-18,10.49,10.53,10.09,10.1,156800
2021-05-19,9.82,10.15,9.71,10.1,383500
2021-05-20,10.06,10.06,9.65,9.95,303600
2021-05-21,10.09,10.24,9.948,9.99,157900
2021-05-24,10.05,10.18,9.66,9.92,292600
2021-05-25,9.88,9.965,9.45,9.7,302900
2021-05-26,9.68,10.06,9.62,9.97,283400
2021-05-27,9.98,10.25,9.93,10.09,353000
2021-05-28,10.21,10.24,9.93,9.99,159400
2021-06-01,10.1,10.49,10.03,10.4,307300
2021-06-02,10.38,11.03,10.36,11.0,254000
2021-06-03,10.97,11.2,10.79,11.02,141800
2021-06-04,11.0,11.07,10.81,10.98,177800
2021-06-07,10.89,11.06,10.62,10.64,235500
2021-06-08,10.58,10.87,10.46,10.67,126700
2021-06-09,10.63,10.73,10.43,10.52,164400
2021-06-10,10.57,10.75,10.37,10.4,115600
2021-06-11,10.39,10.66,10.39,10.45,101900
2021-06-14,10.31,10.511,10.22,10.26,117400
2021-06-15,10.29,10.62,10.29,10.61,286500
2021-06-16,10.6,10.72,10.43,10.58,137600
2021-06-17,10.5,10.605,9.35,9.42,326300
2021-06-18,9.41,9.63,9.21,9.3,328300
2021-06-21,9.32,9.86,9.32,9.79,180500
2021-06-22,9.74,10.02,9.485,9.97,260700
2021-06-23,10.11,10.33,9.95,10.18,250300
2021-06-24,10.19,10.26,9.89,10.16,151200
2021-06-25,10.26,10.26,9.81,9.92,792400
2021-06-28,9.88,9.94,9.47,9.56,192000
2021-06-29,9.61,10.08,9.61,9.82,191100
2021-06-30,9.82,9.92,9.57,9.74,163400
2021-07-01,9.98,10.18,9.93,10.16,146200
2021-07-02,10.06,10.1,9.8,9.89,123700
2021-07-06,9.89,9.91,9.17,9.4,164000
2021-07-07,9.31,9.53,9.14,9.21,209500
2021-07-08,9.05,9.36,9.02,9.32,177700
2021-07-09,9.44,9.71,9.32,9.68,138500
2021-07-12,9.51,9.74,9.4,9.65,83700
2021-07-13,9.61,9.8,9.514,9.6,121100
2021-07-14,9.65,9.832,9.22,9.27,149100
2021-07-15,9.18,9.36,9.064,9.12,156400
2021-07-16,9.24,9.41,8.85,8.87,305700
2021-07-19,8.44,8.75,8.36,8.53,260200
2021-07-20,8.53,8.85,8.46,8.67,195400
2021-07-21,8.86,9.07,8.76,8.99,105000
2021-07-22,8.96,8.96,8.64,8.8,113000
2021-07-23,8.86,8.86,8.59,8.79,97900
2021-07-26,8.66,9.12,8.66,8.89,243700
2021-07-27,8.83,9.19,8.56,9.11,233900
2021-07-28,9.13,9.47,8.93,9.15,267100
2021-07-29,9.18,9.21,8.48,8.68,241200
2021-07-30,8.69,8.74,8.5,8.7,185500
2021-08-02,8.63,8.95,8.12,8.26,261100
2021-08-03,8.3,8.6,8.2,8.4,476600
2021-08-04,8.5,8.6,7.85,7.89,347000
2021-08-05,7.87,8.26,7.86,8.01,234500
2021-08-06,8.2,8.233,7.95,8.13,192300
2021-08-09,7.95,8.06,7.73,7.87,179500
2021-08-10,7.85,8.25,7.85,8.23,198400
2021-08-11,8.14,8.26,7.98,8.23,386400
2021-08-12,8.2,8.295,7.995,8.01,174000
2021-08-13,7.98,8.04,7.72,7.73,207900
2021-08-16,7.64,7.67,7.42,7.53,213300
2021-08-17,7.47,7.54,7.215,7.31,195800
2021-08-18,7.25,7.497,7.21,7.23,208700
2021-08-19,7.15,7.22,6.88,6.96,200600
2021-08-20,6.88,7.099,6.87,7.01,158600
2021-08-23,7.19,7.37,7.04,7.29,229800
2021-08-24,7.32,7.45,7.22,7.43,396100
2021-08-25,7.43,7.47,7.32,7.32,148100
2021-08-26,7.25,7.375,7.16,7.24,142000
2021-08-27,7.27,7.62,7.2,7.53,257200
2021-08-30,7.58,7.722,7.34,7.38,131800
2021-08-31,7.35,7.52,7.31,7.43,111400
2021-09-01,7.39,7.58,7.3,7.54,117100
2021-09-02,7.59,7.695,7.51,7.63,116400
2021-09-03,7.62,7.629,7.44,7.54,96000
2021-09-07,7.58,7.72,7.43,7.48,95500
2021-09-08,7.49,7.52,7.24,7.27,207100
2021-09-09,7.24,7.38,7.15,7.21,107100
2021-09-10,7.33,7.35,7.13,7.3,205200
2021-09-13,7.25,7.66,7.25,7.56,194800
2021-09-14,7.64,7.69,7.41,7.47,259200
2021-09-15,7.43,7.94,7.37,7.57,313900
2021-09-16,7.58,7.58,7.31,7.48,198100
2021-09-17,7.43,7.48,7.17,7.39,595300
2021-09-20,7.16,7.22,6.915,7.03,202200
2021-09-21,7.13,7.13,6.92,7.04,117100
2021-09-22,7.16,7.29,7.13,7.2,151200
2021-09-23,7.24,7.48,7.235,7.44,143200
2021-09-24,7.4,7.58,7.39,7.39,94400
2021-09-27,7.6,8.13,7.49,8.03,248900
2021-09-28,8.2,8.45,8.01,8.05,200600
2021-09-29,8.09,8.34,7.93,8.27,182000
2021-09-30,8.28,8.45,8.19,8.34,162700
2021-10-01,8.37,8.46,8.126,8.32,209300
2021-10-04,8.43,8.69,8.33,8.42,222800
2021-10-05,8.52,8.6,8.17,8.33,146200
2021-10-06,8.2,8.22,7.78,7.99,182900
2021-10-07,7.92,8.38,7.92,8.28,98100
2021-10-08,8.33,8.55,8.26,8.44,81700
2021-10-11,8.57,8.65,8.29,8.33,83900
2021-10-12,8.34,8.48,8.15,8.22,61200
2021-10-13,8.11,8.145,7.96,8.08,92300
2021-10-14,8.15,8.34,8.139,8.18,122400
2021-10-15,8.4,8.42,8.2,8.21,114300
2021-10-18,8.25,8.33,7.63,7.84,290400
2021-10-19,7.95,8.21,7.73,8.2,182600
2021-10-20,8.17,8.3,8.05,8.29,64600
2021-10-21,8.37,8.45,8.29,8.36,169700
2021-10-22,8.38,8.43,8.13,8.22,115700
2021-10-25,8.27,8.61,8.27,8.3,84500
2021-10-26,8.29,8.54,8.147,8.22,126200
2021-10-27,8.1,8.24,7.9,7.92,126800
2021-10-28,7.91,8.02,7.84,7.85,130000
2021-10-29,7.84,7.91,7.53,7.59,197700
2021-11-01,7.61,8.21,7.61,7.93,304500
2021-11-02,8.12,8.39,7.85,8.05,390100
2021-11-03,7.81,8.65,7.81,8.52,244800
2021-11-04,8.63,8.86,8.36,8.4,143500
2021-11-05,8.48,8.63,8.23,8.37,197400
2021-11-08,8.49,8.64,8.359,8.44,131400
2021-11-09,8.36,8.38,8.07,8.36,83600
2021-11-10,8.28,8.36,7.92,7.95,133000
2021-11-11,7.96,8.02,7.81,7.86,92800
2021-11-12,7.9,7.9,7.54,7.63,136400
2021-11-15,7.64,7.71,7.33,7.57,187600
2021-11-16,7.51,7.655,7.5,7.53,143900
2021-11-17,7.46,7.501,7.15,7.16,175400
2021-11-18,7.16,7.22,6.78,6.89,219500
2021-11-19,6.75,6.82,6.51,6.62,170800
2021-11-22,6.67,6.89,6.615,6.81,176100
2021-11-23,6.9,7.17,6.87,6.92,100000
2021-11-24,6.97,7.26,6.94,7.12,123700
2021-11-26,6.74,6.875,6.45,6.76,178100
2021-11-29,6.95,7.05,6.78,6.83,191300
2021-11-30,6.64,6.9,6.55,6.84,220500
2021-12-01,7.07,7.07,6.46,6.48,263200
2021-12-02,6.48,6.78,6.389,6.73,144700
2021-12-03,6.82,6.83,6.37,6.43,396700
2021-12-06,6.33,6.57,6.21,6.45,304200
2021-12-07,6.52,6.78,6.52,6.6,262900
2021-12-08,6.69,6.71,6.56,6.65,200900
2021-12-09,6.73,6.77,6.51,6.75,195000
2021-12-10,6.8,6.91,6.61,6.88,316000
2021-12-13,6.76,6.9,6.56,6.59,197000
2021-12-14,6.53,6.72,6.35,6.37,259000
2021-12-15,6.34,6.43,6.11,6.36,212900
2021-12-16,6.38,6.72,6.38,6.53,220700
2021-12-17,6.51,6.59,6.3,6.46,244800
2021-12-20,6.36,6.5,6.14,6.46,149700
2021-12-21,6.53,6.8,6.53,6.73,226300
2021-12-22,6.69,6.84,6.57,6.71,126700
2021-12-23,6.76,6.8,6.58,6.62,92100
2021-12-27,6.64,6.64,6.38,6.51,191000
2021-12-28,6.51,6.63,6.48,6.53,185000
2021-12-29,6.53,6.53,6.33,6.41,183000
2021-12-30,6.38,6.46,6.3,6.41,290600
2021-12-31,6.4,6.57,6.4,6.55,104900
2022-01-03,6.6,7.035,6.6,7.01,167400
2022-01-04,7.06,7.52,7.06,7.45,220500
2022-01-05,7.52,7.86,7.34,7.4,285200
2022-01-06,7.5,7.7,7.32,7.59,107300
2022-01-07,7.6,7.78,7.53,7.68,125200
2022-01-10,7.73,7.74,7.5,7.62,104300
2022-01-11,7.66,7.84,7.54,7.77,127300
2022-01-12,7.85,7.87,7.661,7.69,145100
2022-01-13,7.65,7.98,7.65,7.96,162900
2022-01-14,7.9,8.05,7.72,7.96,158400
2022-01-18,8.09,8.15,7.73,7.8,130900
2022-01-19,7.82,7.83,7.56,7.69,85300
2022-01-20,7.59,7.84,7.51,7.52,138600
2022-01-21,7.47,7.61,7.3,7.38,178300
2022-01-24,7.22,7.68,7.04,7.65,156300
2022-01-25,7.58,8.01,7.37,7.9,97400
2022-01-26,7.95,8.09,7.6,7.72,108900
2022-01-27,7.72,7.909,7.39,7.52,95900
2022-01-28,7.48,7.71,7.36,7.63,120800
2022-01-31,7.55,7.805,7.46,7.71,105800
2022-02-01,7.73,8.08,7.7,8.01,107700
2022-02-02,7.96,7.99,7.78,7.83,235900
2022-02-03,7.87,7.87,7.58,7.65,129500
2022-02-04,7.7,7.95,7.63,7.88,693400
2022-02-07,7.79,8.05,7.69,8.04,181700
2022-02-08,7.97,7.985,7.616,7.63,249400
2022-02-09,7.7,7.79,7.5,7.54,143900
2022-02-10,7.52,7.895,7.52,7.8,421100
2022-02-11,7.85,8.14,7.8,8.1,681600
2022-02-14,8.14,8.239,7.86,7.99,191300
2022-02-15,7.84,8.09,7.83,8.01,357200
2022-02-16,8.11,8.55,8.11,8.43,162800
2022-02-17,8.39,8.66,8.36,8.61,571500
2022-02-18,8.46,8.65,8.38,8.42,217800
2022-02-22,8.32,8.57,8.0,8.24,458000
2022-02-23,8.37,8.555,8.17,8.44,574000
2022-02-24,8.55,8.55,8.03,8.48,367400
2022-02-25,8.53,9.238,8.53,9.21,653400
2022-02-28,9.25,10.46,9.25,10.4,884300
2022-03-01,10.54,10.64,9.55,9.71,412600
2022-03-02,9.83,10.05,9.65,9.98,204400
2022-03-03,9.8,10.1,9.73,10.05,294500
2022-03-04,9.84,10.34,9.84,10.34,695900
2022-03-07,10.5,11.04,10.4,10.6,594100
2022-03-08,10.82,11.29,10.46,11.19,677400
2022-03-09,10.84,10.99,10.42,10.86,472000
2022-03-10,10.95,11.31,10.84,11.1,251200
2022-03-11,10.89,11.07,10.52,10.71,176100
2022-03-14,10.48,10.625,9.93,10.56,358000
2022-03-15,10.13,10.6,10.03,10.53,282800
2022-03-16,10.52,11.2,10.49,11.18,579300
2022-03-17,11.26,11.505,11.05,11.32,346500
2022-03-18,11.39,11.39,10.92,11.17,395500
2022-03-21,11.3,11.78,11.3,11.63,237600
2022-03-22,11.71,11.86,11.28,11.48,199000
2022-03-23,11.73,12.03,11.7,11.92,252200
2022-03-24,11.92,11.997,11.72,11.75,176200
2022-03-25,11.61,12.1,11.57,11.98,331000
2022-03-28,11.75,11.75,10.88,10.96,278500
2022-03-29,10.77,11.105,10.42,11.0,307400
2022-03-30,11.05,11.33,10.88,10.93,204700
2022-03-31,10.79,11.37,10.79,11.29,291500
2022-04-01,11.22,11.59,11.21,11.41,155900
2022-04-04,11.48,11.56,11.05,11.37,189600
2022-04-05,11.37,11.625,10.95,10.98,187100
2022-04-06,11.07,11.16,10.68,10.78,181000
2022-04-07,10.83,10.93,10.5,10.7,137500
2022-04-08,10.74,11.19,10.68,11.03,205200
2022-04-11,10.96,10.98,10.65,10.74,130400
2022-04-12,10.89,11.26,10.89,11.08,135100
2022-04-13,11.26,11.5,11.14,11.36,201600
2022-04-14,11.37,11.51,11.19,11.39,137300
2022-04-18,11.45,11.76,11.2,11.37,494600
2022-04-19,11.32,11.7,11.13,11.5,198200
2022-04-20,11.57,11.8,11.21,11.72,269400
2022-04-21,11.77,11.8,11.05,11.21,218400
2022-04-22,11.07,11.445,10.77,10.87,234800
2022-04-25,10.4,10.46,9.7,10.2,255600
2022-04-26,10.16,10.65,10.16,10.28,194300
2022-04-27,10.28,10.63,9.98,10.48,136200
2022-04-28,10.53,10.88,10.22,10.67,146900
2022-04-29,11.4,11.7,11.05,11.25,347500
2022-05-02,11.28,11.79,11.051,11.7,952800
2022-05-03,11.8,12.4,11.75,12.18,541700
2022-05-04,12.4,12.6,11.95,12.57,552000
2022-05-05,12.63,12.63,11.75,12.29,275300
2022-05-06,12.48,12.517,12.12,12.26,201800
2022-05-09,12.02,12.02,10.78,10.84,324900
2022-05-10,11.36,12.135,11.21,11.78,311300
2022-05-11,11.96,12.38,11.57,11.58,222400
2022-05-12,11.5,11.79,11.21,11.62,199000
2022-05-13,11.8,12.28,11.78,12.12,242900
2022-05-16,12.23,12.79,12.23,12.68,362600
2022-05-17,12.87,13.0,12.66,12.68,293500
2022-05-18,12.77,13.064,12.29,12.5,252800
2022-05-19,12.15,13.06,12.15,12.6,374200
2022-05-20,12.74,12.87,12.45,12.65,210300
2022-05-23,12.69,12.88,12.43,12.83,366800
2022-05-24,12.68,13.03,12.46,12.86,429300
2022-05-25,12.89,13.25,12.69,13.19,269400
2022-05-26,13.25,13.95,13.25,13.83,1072700
2022-05-27,13.71,14.25,13.65,14.08,230300
2022-05-31,14.22,14.61,13.28,13.48,246100
2022-06-01,13.65,14.16,13.62,14.06,225700
2022-06-02,14.02,14.13,13.56,13.93,219800
2022-06-03,13.9,14.19,13.8,13.99,285200
2022-06-06,14.0,14.23,13.74,14.08,299400
2022-06-07,14.12,14.43,13.88,14.25,228400
2022-06-08,14.42,14.496,13.9,14.18,241600
2022-06-09,14.04,14.04,13.19,13.32,316500
2022-06-10,13.16,13.85,12.88,13.8,464800
2022-06-13,13.32,13.32,12.47,12.63,269500
2022-06-14,12.82,13.06,12.57,13.0,658600
2022-06-15,13.19,13.76,13.02,13.09,1042900
2022-06-16,12.74,12.9,12.18,12.67,496700
2022-06-17,12.67,12.67,10.92,10.94,514200
2022-06-21,11.18,12.21,11.024,11.98,425400
2022-06-22,11.34,11.42,10.92,10.96,341200
2022-06-23,11.02,11.085,10.29,10.56,381600
2022-06-24,10.72,11.25,10.68,11.04,1168200
2022-06-27,11.28,11.585,11.1,11.45,234600
2022-06-28,11.75,11.75,11.27,11.52,537000
2022-06-29,11.72,11.75,11.02,11.3,194000
2022-06-30,10.92,11.22,10.685,10.88,378900
2022-07-01,10.97,11.2,10.51,11.03,138300
2022-07-05,10.69,10.69,9.77,9.96,226000
2022-07-06,9.7,10.06,9.29,9.73,281800
2022-07-07,9.87,10.24,9.76,9.8,435900
2022-07-08,9.94,10.14,9.65,10.03,217000
2022-07-11,9.78,9.9,9.46,9.77,213800
2022-07-12,9.49,9.66,9.19,9.62,194500
2022-07-13,9.5,10.07,9.48,9.96,329700
2022-07-14,9.5,9.631,9.12,9.32,169400
2022-07-15,9.61,9.61,9.335,9.51,245800
2022-07-18,9.82,10.11,9.67,9.71,134200
2022-07-19,9.82,10.065,9.68,10.04,281100
2022-07-20,9.87,10.24,9.74,10.2,485900
2022-07-21,9.86,9.86,9.26,9.48,340400
2022-07-22,9.53,9.705,9.29,9.4,218300
2022-07-25,9.57,10.12,9.37,10.05,148300
2022-07-26,10.2,10.33,9.87,9.89,83000
2022-07-27,9.9,10.5,9.844,10.47,144700
2022-07-28,10.7,10.7,10.3,10.49,217100
2022-07-29,10.64,11.09,10.51,11.09,290700
2022-08-01,10.72,10.78,10.34,10.69,271200
2022-08-02,10.26,11.5,10.16,11.35,413100
2022-08-03,11.59,11.86,10.91,11.2,324500
2022-08-04,11.21,11.21,10.69,10.73,190900
2022-08-05,10.58,11.25,10.58,10.93,124300
2022-08-08,10.97,11.085,10.495,10.58,201500
2022-08-09,10.79,10.97,10.54,10.66,81700
2022-08-10,10.68,10.68,10.32,10.46,113300
2022-08-11,10.71,11.11,10.71,11.06,223500
2022-08-12,11.06,11.09,10.64,11.06,140900
2022-08-15,10.75,10.79,10.4,10.75,169900
2022-08-16,10.84,10.97,10.21,10.33,228500
2022-08-17,10.21,10.71,10.14,10.53,135600
2022-08-18,10.74,10.85,10.59,10.77,158600
2022-08-19,10.69,10.777,10.48,10.69,141500
2022-08-22,10.55,10.845,10.36,10.69,332400
2022-08-23,10.9,11.25,10.9,11.0,231700
2022-08-24,11.09,11.32,10.93,11.27,461300
2022-08-25,11.35,11.515,11.25,11.44,122600
2022-08-26,11.44,11.44,10.9,11.01,105900
2022-08-29,11.0,11.39,10.975,11.17,144800
2022-08-30,11.05,11.17,10.43,10.55,160000
2022-08-31,10.35,10.95,10.35,10.7,285200
2022-09-01,10.51,10.59,9.99,10.24,169700
2022-09-02,10.36,10.525,10.23,10.37,107800
2022-09-06,10.46,10.57,10.07,10.18,165300
2022-09-07,10.0,10.42,9.75,10.38,175500
2022-09-08,10.37,10.478,10.19,10.2,98300
2022-09-09,10.44,10.59,10.41,10.48,78000
2022-09-12,10.63,10.81,10.47,10.58,95100
2022-09-13,10.32,10.625,10.06,10.12,91300
2022-09-14,10.25,10.797,10.25,10.69,125600
2022-09-15,10.42,10.52,10.18,10.31,95500
2022-09-16,10.22,10.3,9.95,9.97,229700
2022-09-19,9.84,10.8,9.84,10.73,227100
2022-09-20,10.5,10.5,10.01,10.02,140900
2022-09-21,10.15,10.41,10.02,10.04,114900
2022-09-22,10.08,10.31,9.78,9.88,132400
2022-09-23,9.49,9.5,9.02,9.12,192100
2022-09-26,8.84,9.29,8.71,8.78,136100
2022-09-27,8.99,9.32,8.82,9.01,167800
2022-09-28,9.1,9.69,9.04,9.61,179300
2022-09-29,9.41,9.47,9.08,9.33,170300
2022-09-30,9.24,9.6,9.15,9.36,401900
2022-10-03,9.74,9.91,9.64,9.87,330800
2022-10-04,10.08,10.34,9.95,10.26,166600
2022-10-05,10.26,10.69,10.26,10.61,131900
2022-10-06,10.51,10.715,10.5,10.6,96700
2022-10-07,10.72,10.8,10.46,10.55,146900
2022-10-10,10.42,10.66,10.17,10.18,82100
2022-10-11,9.99,10.29,9.81,10.09,105700
2022-10-12,10.02,10.22,9.73,10.17,74700
2022-10-13,10.06,10.76,10.015,10.73,130400
2022-10-14,10.7,10.98,10.475,10.92,253200
2022-10-17,11.03,11.394,11.03,11.3,131500
2022-10-18,11.45,11.68,11.002,11.49,160100
2022-10-19,11.63,12.23,11.63,11.93,178600
2022-10-20,12.04,12.17,11.87,12.01,161100
2022-10-21,12.12,12.405,12.08,12.11,150900
2022-10-24,12.09,12.455,11.98,12.4,151300
2022-10-25,12.27,12.555,12.14,12.47,217300
2022-10-26,12.6,13.39,12.6,12.97,282900
2022-10-27,13.21,13.29,12.61,12.7,159300
2022-10-28,12.81,13.13,12.4,12.88,254300
2022-10-31,12.8,13.74,12.74,13.62,196200
2022-11-01,13.74,13.75,10.585,10.92,1275000
2022-11-02,10.9,12.59,10.9,12.01,564300
2022-11-03,11.87,12.48,11.7,11.75,215900
2022-11-04,12.04,12.4,11.98,12.17,210700
2022-11-07,12.21,12.5,12.2,12.45,207700
2022-11-08,12.58,12.71,12.19,12.32,348400
2022-11-09,12.15,12.17,11.593,11.69,189800
2022-11-10,12.03,12.05,11.63,11.82,162700
2022-11-11,12.19,12.58,12.02,12.12,262200
2022-11-14,11.97,12.375,11.53,11.56,210900
2022-11-15,11.67,12.04,11.58,11.91,160300
2022-11-16,11.85,11.85,11.34,11.35,284800
2022-11-17,11.12,11.57,11.01,11.54,111300
2022-11-18,11.48,11.67,11.11,11.47,142700
2022-11-21,11.27,11.27,10.51,11.01,142900
2022-11-22,11.21,11.55,11.175,11.34,119500
2022-11-23,11.21,11.25,10.82,11.03,104200
2022-11-25,11.06,11.12,10.9,10.93,31600
2022-11-28,10.7,10.95,10.57,10.74,142600
2022-11-29,10.96,11.09,10.748,10.83,171600
2022-11-30,11.03,11.05,10.63,10.97,177300
2022-12-01,11.1,11.13,10.89,10.91,95600
2022-12-02,10.88,11.2,10.83,11.06,85200
2022-12-05,11.0,11.06,9.93,10.07,174300
2022-12-06,10.07,10.286,9.88,10.04,185700
2022-12-07,10.0,10.04,9.53,9.69,151200
2022-12-08,9.94,10.09,9.51,9.56,156600
2022-12-09,9.53,9.58,9.219,9.27,218300
2022-12-12,9.28,9.84,9.277,9.67,179500
2022-12-13,9.92,10.15,9.73,9.9,253200
2022-12-14,9.9,10.07,9.72,9.75,272300
2022-12-15,9.5,9.92,9.5,9.86,179100
2022-12-16,9.54,9.657,9.36,9.52,230500
2022-12-19,9.61,9.84,9.5,9.63,143900
2022-12-20,9.55,9.94,9.55,9.86,208300
2022-12-21,10.09,10.28,9.98,10.21,286400
2022-12-22,10.17,10.18,9.48,9.64,151800
2022-12-23,9.77,10.005,9.705,9.99,75900
2022-12-27,10.21,10.27,10.02,10.05,176000
2022-12-28,10.02,10.19,9.56,9.59,238800
2022-12-29,9.58,10.06,9.58,9.93,231600
2022-12-30,9.91,10.05,9.82,9.93,353700
2023-01-03,9.93,10.02,9.21,9.27,189800
2023-01-04,9.16,9.6,9.114,9.55,227800
2023-01-05,9.55,9.76,9.42,9.63,132400
2023-01-06,9.79,10.08,9.66,9.68,138700
2023-01-09,9.89,10.17,9.855,9.98,120900
2023-01-10,9.95,10.21,9.69,10.21,129800
2023-01-11,10.29,10.46,10.1,10.32,144000
2023-01-12,10.43,11.0,10.37,10.83,267000
2023-01-13,10.79,10.83,10.47,10.72,101000
2023-01-17,10.79,10.86,10.55,10.71,117500
2023-01-18,10.8,10.95,10.14,10.17,162200
2023-01-19,10.06,10.36,10.05,10.27,136800
2023-01-20,10.35,10.36,10.05,10.14,169100
2023-01-23,10.26,10.31,10.02,10.22,130700
2023-01-24,10.08,10.22,10.05,10.15,107800
2023-01-25,10.12,10.44,9.9,10.43,121100
2023-01-26,10.51,10.51,10.1,10.37,102500
2023-01-27,10.38,10.395,10.03,10.13,108600
2023-01-30,9.98,10.22,9.92,10.13,130700
2023-01-31,10.16,10.615,10.11,10.59,553700
2023-02-01,10.59,10.59,10.14,10.44,217500
2023-02-02,10.3,10.3,9.79,10.17,206700
2023-02-03,10.17,10.51,10.12,10.16,122400
2023-02-06,10.17,10.26,9.74,10.21,331000
2023-02-07,10.35,10.62,10.22,10.61,237300
2023-02-08,10.58,10.73,10.41,10.59,177200
2023-02-09,10.65,10.82,10.13,10.14,177100
2023-02-10,10.32,10.6,10.23,10.6,267200
2023-02-13,10.57,10.87,10.42,10.78,225100
2023-02-14,10.73,10.85,10.3,10.38,202500
2023-02-15,10.2,10.55,10.13,10.49,269000
2023-02-16,10.52,10.705,10.4,10.44,145900
2023-02-17,10.4,10.4,9.8,9.98,187200
2023-02-21,9.93,10.12,9.52,9.53,298400
2023-02-22,9.64,9.72,9.31,9.5,417400
2023-02-23,9.21,9.29,8.29,8.79,592300
2023-02-24,8.79,9.28,8.79,9.2,177900
2023-02-27,9.16,9.2,8.913,8.94,217400
2023-02-28,9.0,9.19,8.91,8.93,164800
2023-03-01,8.96,9.175,8.88,9.16,152700
2023-03-02,9.12,9.56,9.08,9.48,206300
2023-03-03,9.91,10.36,9.81,10.12,646700
2023-03-06,10.04,10.14,9.925,9.98,302400
2023-03-07,9.94,10.08,9.89,9.98,231400
2023-03-08,9.98,10.16,9.94,10.01,307800
2023-03-09,10.11,10.19,9.61,9.63,295400
2023-03-10,9.56,9.88,9.4,9.43,384900
2023-03-13,9.0,9.48,8.83,8.93,373800
2023-03-14,9.15,9.465,9.06,9.18,342700
2023-03-15,8.73,8.85,8.53,8.72,554400
2023-03-16,8.4,8.72,8.08,8.54,423000
2023-03-17,8.46,8.46,7.8,7.81,863900
2023-03-20,7.83,8.45,7.8,8.12,471600
2023-03-21,8.34,8.81,8.29,8.3,513000
2023-03-22,8.27,8.52,8.04,8.05,618800
2023-03-23,8.15,8.44,8.07,8.19,453500
2023-03-24,8.05,8.27,8.0,8.16,342300
2023-03-27,8.28,8.505,8.2,8.44,552500
2023-03-28,8.41,8.625,8.41,8.52,293700
2023-03-29,8.6,8.6,8.37,8.48,391000
2023-03-30,8.72,8.847,8.4,8.41,364500
2023-03-31,8.48,8.55,8.24,8.54,406800
2023-04-03,9.25,9.3,8.77,8.87,420800
2023-04-04,8.91,8.91,8.49,8.65,204500
2023-04-05,8.6,8.67,8.42,8.5,156600
2023-04-06,8.49,8.67,8.41,8.42,120800
2023-04-10,8.39,8.6,8.39,8.46,164500
2023-04-11,8.5,8.66,8.4,8.43,225000
2023-04-12,8.48,8.48,8.28,8.31,133000
2023-04-13,8.3,8.38,8.25,8.33,141700
2023-04-14,8.4,8.405,8.195,8.24,142600
2023-04-17,8.24,8.29,8.13,8.19,209400
2023-04-18,8.15,8.19,7.915,8.03,204600
2023-04-19,7.97,8.15,7.87,8.01,243000
2023-04-20,7.88,8.04,7.67,7.74,315300
2023-04-21,7.8,7.98,7.7,7.74,188100
2023-04-24,7.71,8.22,7.71,8.16,185700
2023-04-25,8.03,8.03,7.65,7.71,191400
2023-04-26,7.66,7.72,7.41,7.46,177000
2023-04-27,7.49,7.575,7.33,7.45,172600
2023-04-28,7.36,7.72,7.34,7.68,211900
2023-05-01,7.58,8.065,7.53,7.97,454700
2023-05-02,7.79,7.8,7.15,7.23,628500
2023-05-03,7.21,7.37,7.16,7.28,337700
2023-05-04,7.22,7.52,7.2,7.45,554500
2023-05-05,7.61,7.8,7.61,7.66,321600
2023-05-08,7.76,7.84,7.61,7.64,320200
2023-05-09,7.58,7.825,7.565,7.65,278300
2023-05-10,7.76,7.9,7.68,7.83,349300
2023-05-11,7.72,7.8,7.585,7.59,263500
2023-05-12,7.6,7.83,7.6,7.64,250100
2023-05-15,7.66,7.86,7.66,7.7,323000
2023-05-16,7.69,7.819,7.56,7.6,214900
2023-05-17,7.66,7.91,7.6,7.89,293300
2023-05-18,7.76,7.93,7.64,7.9,351800
2023-05-19,8.02,8.14,7.91,7.94,237200
2023-05-22,7.91,8.19,7.91,8.08,340400
2023-05-23,8.14,8.39,8.09,8.3,243700
2023-05-24,8.32,8.43,8.235,8.25,200500
2023-05-25,8.1,8.22,7.91,8.0,185300
2023-05-26,8.06,8.06,7.85,7.93,184400
2023-05-30,7.84,7.91,7.6,7.67,166900
2023-05-31,7.52,7.62,7.3,7.33,199200
2023-06-01,7.35,7.56,7.28,7.48,533000
2023-06-02,7.69,8.205,7.61,8.15,338800
2023-06-05,8.09,8.14,7.83,7.99,214300
2023-06-06,7.84,8.22,7.84,8.15,210300
2023-06-07,8.23,8.67,8.23,8.58,232200
2023-06-08,8.5,8.59,8.37,8.57,193600
2023-06-09,8.48,8.58,8.34,8.36,135400
2023-06-12,8.2,8.38,8.12,8.22,179700
2023-06-13,8.26,8.663,8.26,8.48,231500
2023-06-14,8.55,8.66,8.28,8.31,238300
2023-06-15,8.31,8.54,8.31,8.5,247900
2023-06-16,8.57,8.59,8.19,8.28,288900
2023-06-20,8.16,8.31,7.97,8.18,129800
2023-06-21,8.13,8.27,8.06,8.06,170400
2023-06-22,7.95,8.235,7.82,8.15,286100
2023-06-23,7.98,8.025,7.85,7.88,1262500
2023-06-26,7.85,8.17,7.85,8.05,167100
2023-06-27,8.01,8.165,8.0,8.14,188200
2023-06-28,8.14,8.14,7.965,8.04,125300
2023-06-29,8.14,8.35,8.106,8.34,116700
2023-06-30,8.41,8.45,8.28,8.33,127700
2023-07-03,8.38,8.49,8.341,8.44,51300
2023-07-05,8.46,8.46,8.25,8.27,144500
2023-07-06,8.2,8.27,7.93,8.17,158600
2023-07-07,8.19,8.84,8.19,8.8,273300
2023-07-10,8.84,8.93,8.75,8.82,151100
2023-07-11,8.9,8.995,8.8,8.93,87200
2023-07-12,9.13,9.13,8.95,9.05,128000
2023-07-13,9.09,9.23,9.0,9.17,123200
2023-07-14,9.22,9.27,9.03,9.14,102900
2023-07-17,9.1,9.32,9.1,9.22,118400
2023-07-18,9.3,9.5,9.21,9.38,123000
2023-07-19,9.45,9.632,9.43,9.52,108500
2023-07-20,9.64,9.651,9.47,9.52,134400
2023-07-21,9.57,9.665,9.45,9.5,140200
2023-07-24,9.55,9.75,9.535,9.62,147000
2023-07-25,9.64,9.652,9.5,9.6,122900
2023-07-26,9.56,9.76,9.48,9.49,244800
2023-07-27,9.47,9.67,9.18,9.19,286700
2023-07-28,9.3,11.18,9.3,10.32,858000
2023-07-31,10.62,11.0,10.47,10.93,422300
2023-08-01,10.76,10.835,10.35,10.66,275000
2023-08-02,10.56,10.68,10.39,10.65,161300
2023-08-03,10.68,11.02,10.56,10.9,269700
2023-08-04,10.95,11.17,10.875,10.99,241200
2023-08-07,11.05,11.13,10.83,10.93,134700
2023-08-08,10.7,10.79,10.5,10.77,607300
2023-08-09,10.87,11.11,10.67,11.0,1265500
2023-08-10,11.01,11.26,10.995,11.1,334500
2023-08-11,11.15,11.28,10.88,10.94,205300
2023-08-14,10.87,11.325,10.811,11.26,266700
2023-08-15,11.24,11.25,10.86,10.89,150800
2023-08-16,11.11,11.3,10.8,10.81,141100
2023-08-17,11.01,11.05,10.72,10.87,195800
2023-08-18,10.76,11.07,10.71,11.01,255000
2023-08-21,11.08,11.15,10.8,10.81,133000
2023-08-22,10.82,10.875,10.585,10.6,137100
2023-08-23,10.45,10.61,10.29,10.51,124500
2023-08-24,10.45,10.59,10.39,10.42,103800
2023-08-25,10.48,10.48,10.21,10.26,100800
2023-08-28,10.33,10.58,10.32,10.42,153100
2023-08-29,10.47,10.47,10.3,10.31,95000
2023-08-30,10.4,10.5,10.35,10.4,298000
2023-08-31,10.42,10.53,10.35,10.52,232500
2023-09-01,10.52,10.78,10.4,10.64,161400
2023-09-05,10.74,10.85,10.57,10.66,129800
2023-09-06,10.57,10.773,10.35,10.38,127700
2023-09-07,10.4,10.5,10.25,10.3,210800
2023-09-08,10.38,10.63,10.34,10.47,176100
2023-09-11,10.49,10.76,10.49,10.54,120000
2023-09-12,10.62,10.91,10.5,10.9,211600
2023-09-13,10.89,10.89,10.66,10.71,127600
2023-09-14,10.84,10.97,10.75,10.95,90200
2023-09-15,10.91,10.93,10.66,10.81,387200
2023-09-18,11.0,11.0,10.552,10.59,137600
2023-09-19,10.69,10.705,10.37,10.39,124500
2023-09-20,10.33,10.605,10.33,10.38,121600
2023-09-21,10.46,10.46,10.03,10.05,241900
2023-09-22,10.15,10.3,10.03,10.03,140300
2023-09-25,10.05,10.4,10.05,10.37,108900
2023-09-26,10.27,10.58,10.13,10.42,323400
2023-09-27,10.5,11.04,10.5,10.96,171600
2023-09-28,10.96,11.129,10.69,10.75,179100
2023-09-29,10.85,10.92,10.58,10.66,185500
2023-10-02,10.63,10.69,10.24,10.31,156400
2023-10-03,10.26,10.28,10.1,10.21,152600
2023-10-04,10.06,10.115,9.69,9.77,170800
2023-10-05,9.68,9.92,9.68,9.9,161100
2023-10-06,9.87,9.995,9.67,9.94,143200
2023-10-09,10.19,10.49,10.19,10.43,108200
2023-10-10,10.47,10.52,10.36,10.4,107300
2023-10-11,10.29,10.46,10.245,10.42,76500
2023-10-12,10.5,10.538,10.14,10.19,216200
2023-10-13,10.38,10.42,10.25,10.25,194000
2023-10-16,10.32,10.43,10.162,10.2,138900
2023-10-17,10.18,10.46,10.18,10.33,236100
2023-10-18,10.35,10.48,10.283,10.4,125900
2023-10-19,10.29,10.49,10.21,10.34,107300
2023-10-20,10.36,10.36,10.03,10.13,131800
2023-10-23,10.0,10.01,9.87,9.97,111800
2023-10-24,10.02,10.03,9.855,9.91,112200
2023-10-25,9.86,9.89,9.62,9.8,127400
2023-10-26,9.72,9.72,9.42,9.6,106500
2023-10-27,8.93,9.39,8.59,8.95,308000
2023-10-30,8.94,9.09,8.805,9.05,203000
2023-10-31,9.02,9.25,8.995,9.24,204400
2023-11-01,9.32,9.35,9.02,9.05,113700
2023-11-02,9.14,9.31,9.01,9.31,124800
2023-11-03,9.37,9.53,9.28,9.31,131600
2023-11-06,9.4,9.4,9.02,9.11,182600
2023-11-07,8.99,9.0,8.67,8.82,164100
2023-11-08,8.73,8.85,8.73,8.8,117100
2023-11-09,8.82,8.88,8.67,8.68,133100
2023-11-10,8.75,8.85,8.67,8.8,211700
2023-11-13,8.81,8.948,8.73,8.9,128500
2023-11-14,9.1,9.3,9.02,9.3,164000
2023-11-15,9.28,9.38,8.95,9.0,165100
2023-11-16,8.94,8.94,8.47,8.56,186700
2023-11-17,8.7,8.816,8.66,8.71,142400
2023-11-20,8.82,8.86,8.72,8.77,104000
2023-11-21,8.67,8.74,8.58,8.68,118900
2023-11-22,8.57,8.76,8.44,8.73,102700
2023-11-24,8.73,8.935,8.71,8.87,47600
2023-11-27,8.78,8.78,8.59,8.6,84000
2023-11-28,8.66,8.66,8.43,8.53,119400
2023-11-29,8.62,8.71,8.56,8.65,230600
2023-11-30,8.63,8.78,8.52,8.56,246700
2023-12-01,8.55,8.73,8.53,8.62,202900
2023-12-04,8.63,8.715,8.5,8.69,112800
2023-12-05,8.68,8.68,8.33,8.34,78300
2023-12-06,8.34,8.43,8.14,8.21,220700
2023-12-07,8.27,8.27,8.09,8.19,129900
2023-12-08,8.25,8.25,8.105,8.18,181200
2023-12-11,8.2,8.24,7.99,8.1,176600
2023-12-12,7.98,8.05,7.75,7.97,300700
2023-12-13,7.93,8.155,7.9,8.1,514600
2023-12-14,8.26,8.53,8.14,8.3,424000
2023-12-15,8.34,8.36,8.11,8.17,452200
2023-12-18,8.29,8.53,8.155,8.18,192800
2023-12-19,8.23,8.51,8.18,8.4,329000
2023-12-20,8.49,8.52,8.16,8.17,210000
2023-12-21,8.24,8.29,8.14,8.17,162400
2023-12-22,8.24,8.35,8.2,8.22,178100
2023-12-26,8.3,8.377,8.16,8.23,1081700
2023-12-27,8.28,8.45,7.82,7.9,1105000
2023-12-28,7.88,8.09,7.55,8.0,2432300
2023-12-29,8.03,8.152,7.935,7.96,549600
2024-01-02,8.0,8.11,7.89,7.97,441800
2024-01-03,7.93,8.015,7.74,7.84,549700
2024-01-04,7.89,7.89,7.665,7.7,396600
2024-01-05,7.71,7.865,7.685,7.82,427700
2024-01-08,7.64,7.745,7.35,7.69,672100
2024-01-09,7.7,7.7,7.335,7.4,310400
2024-01-10,7.36,7.36,7.14,7.19,354200
2024-01-11,7.22,7.22,7.01,7.02,366300
2024-01-12,7.18,7.24,6.98,7.02,245200
2024-01-16,7.0,7.03,6.695,6.75,672700
2024-01-17,6.66,6.78,6.59,6.73,596700
2024-01-18,6.76,6.79,6.61,6.74,284500
2024-01-19,6.76,6.97,6.68,6.95,498700
2024-01-22,6.95,7.26,6.91,7.21,684300
2024-01-23,7.25,7.435,7.22,7.42,642400
2024-01-24,7.49,7.685,7.45,7.59,410400
2024-01-25,7.71,7.82,7.55,7.82,333200
2024-01-26,7.88,7.92,7.8,7.86,410300
2024-01-29,7.77,7.83,7.625,7.83,350000
2024-01-30,7.7,7.81,7.49,7.76,204000
2024-01-31,7.76,7.76,7.48,7.5,297000
2024-02-01,7.57,7.625,7.415,7.43,509500
2024-02-02,7.25,7.4,7.15,7.28,761900
2024-02-05,7.21,7.37,7.15,7.34,476700
2024-02-06,7.34,7.59,7.34,7.53,241800
2024-02-07,7.52,7.52,7.27,7.33,505700
2024-02-08,7.32,7.545,7.3,7.51,349400
2024-02-09,7.53,7.555,7.45,7.52,389800
2024-02-12,7.55,7.735,7.53,7.58,300700
2024-02-13,7.46,7.48,7.195,7.27,539700
2024-02-14,7.33,7.405,7.22,7.32,281300
2024-02-15,7.36,7.85,7.36,7.85,525400
2024-02-16,7.78,7.79,7.63,7.67,281400
2024-02-20,7.66,7.875,7.54,7.79,346200
2024-02-21,7.8,7.929,7.705,7.78,310300
2024-02-22,7.77,7.84,7.68,7.72,322800
2024-02-23,7.65,7.77,7.52,7.77,347200
2024-02-26,7.77,7.83,7.66,7.71,224300
2024-02-27,7.49,8.4,7.49,8.37,544000
2024-02-28,8.19,8.439,8.115,8.2,296000
2024-02-29,8.26,8.525,8.223,8.47,906000
2024-03-01,8.56,8.7,8.38,8.51,294800
2024-03-04,8.51,8.56,8.14,8.15,501900
2024-03-05,8.11,8.255,8.01,8.12,554800
2024-03-06,8.24,8.4,8.025,8.1,597900
2024-03-07,8.11,8.285,8.05,8.06,401300
2024-03-08,8.03,8.355,7.967,8.32,618700
2024-03-11,8.21,8.395,8.21,8.34,358200
2024-03-12,8.32,8.62,8.21,8.55,713500
2024-03-13,8.58,8.71,8.325,8.4,267600
2024-03-14,8.48,8.51,8.25,8.3,783800
2024-03-15,8.29,8.58,8.29,8.54,418100
2024-03-18,8.53,8.575,8.39,8.49,286900
2024-03-19,8.47,8.835,8.47,8.81,540300
2024-03-20,8.74,8.86,8.61,8.84,947900
2024-03-21,8.87,8.94,8.78,8.91,296300
2024-03-22,8.92,8.95,8.59,8.59,173000
2024-03-25,8.63,8.74,8.575,8.74,508400
2024-03-26,8.78,8.78,8.46,8.48,266000
2024-03-27,8.5,8.63,8.5,8.61,149800
2024-03-28,8.64,8.715,8.57,8.67,675900
2024-04-01,8.73,8.77,8.59,8.71,166000
2024-04-02,8.7,8.75,8.43,8.66,577900
2024-04-03,8.68,8.88,8.68,8.8,252300
2024-04-04,8.83,8.87,8.635,8.74,404600
2024-04-05,8.82,9.0,8.73,8.94,202600
2024-04-08,8.97,9.095,8.925,8.96,192700
2024-04-09,9.0,9.075,8.915,8.95,168400
2024-04-10,8.84,9.06,8.77,8.96,192500
2024-04-11,8.96,8.97,8.76,8.81,129300
2024-04-12,8.82,8.91,8.51,8.53,137100
2024-04-15,8.63,8.745,8.48,8.51,267200
2024-04-16,8.42,8.42,8.27,8.34,245900
2024-04-17,8.36,8.45,8.15,8.16,875300
2024-04-18,8.2,8.49,8.2,8.31,397800
2024-04-19,8.25,8.6,8.25,8.6,216600
2024-04-22,8.54,8.54,8.31,8.42,167700
2024-04-23,8.43,8.63,8.34,8.6,204200
2024-04-24,8.48,8.59,8.42,8.5,151800
2024-04-25,8.43,8.51,8.39,8.46,256600
2024-04-26,8.47,9.66,8.47,9.64,1062800
2024-04-29,9.61,9.61,9.16,9.24,612500
2024-04-30,9.14,9.14,8.765,8.81,349700
2024-05-01,8.77,9.005,8.77,8.87,373300
2024-05-02,8.93,9.045,8.775,8.98,332400
2024-05-03,9.08,9.12,8.97,9.01,218100
2024-05-06,9.08,9.185,9.01,9.01,142400
2024-05-07,9.0,9.26,9.0,9.04,209400
2024-05-08,8.96,9.11,8.88,9.06,214300
2024-05-09,9.08,9.4,9.05,9.37,259700
2024-05-10,9.38,9.48,9.04,9.06,126900
2024-05-13,9.15,9.18,8.94,8.96,344400
2024-05-14,9.04,9.24,9.04,9.22,199600
2024-05-15,9.26,9.32,8.97,9.08,126200
2024-05-16,9.03,9.245,9.0,9.2,146100
2024-05-17,9.24,9.24,9.11,9.15,125900
2024-05-20,9.2,9.38,9.11,9.26,237600
2024-05-21,9.22,9.37,9.14,9.24,140600
2024-05-22,9.22,9.22,8.885,8.94,158800
2024-05-23,8.96,9.05,8.805,8.92,179700
2024-05-24,8.97,8.98,8.84,8.92,137700
2024-05-28,9.01,9.085,8.895,8.97,256600
2024-05-29,8.91,8.975,8.76,8.83,385500
2024-05-30,8.81,8.988,8.81,8.91,116700
2024-05-31,8.94,9.17,8.87,9.16,141800
2024-06-03,9.19,9.258,8.67,8.73,285500
2024-06-04,8.63,8.705,8.48,8.6,263500
2024-06-05,8.62,8.64,8.475,8.56,182200
2024-06-06,8.56,8.56,8.47,8.54,170400
2024-06-07,8.36,8.45,8.3,8.34,260200
2024-06-10,8.36,8.565,8.321,8.5,156600
2024-06-11,8.42,8.535,8.27,8.5,138800
2024-06-12,8.68,8.68,8.49,8.49,312200
2024-06-13,8.45,8.47,8.285,8.32,200300
2024-06-14,8.22,8.275,8.12,8.15,160500
2024-06-17,8.11,8.36,8.091,8.28,231300
2024-06-18,8.36,8.42,8.23,8.23,182600
2024-06-20,8.22,8.24,8.15,8.17,196400
2024-06-21,8.17,8.21,8.1,8.18,233900
2024-06-24,8.23,8.46,8.18,8.39,163400
2024-06-25,8.39,8.54,8.315,8.53,146400
2024-06-26,8.51,8.51,8.395,8.43,194900
2024-06-27,8.53,8.655,8.395,8.47,184100
2024-06-28,8.54,8.62,8.48,8.58,902900
2024-07-01,8.57,8.605,8.395,8.53,228800
2024-07-02,8.56,8.665,8.505,8.53,208100
2024-07-03,8.53,8.73,8.53,8.68,123800
2024-07-05,8.65,8.71,8.27,8.31,224000
2024-07-08,8.3,8.48,8.3,8.43,131333
2024-07-09,8.32,8.395,8.24,8.27,376012
2024-07-10,8.75,11.395,8.65,11.36,2783709
2024-07-11,11.31,12.23,11.2,11.8,1315088
2024-07-12,12.01,12.39,11.82,12.03,926887
2024-07-15,12.23,12.39,11.96,12.12,783081
2024-07-16,12.17,12.57,12.09,12.17,547650
2024-07-17,12.17,12.74,12.12,12.42,600117
2024-07-18,12.3,13.0,12.23,12.9,676826
2024-07-19,12.84,13.28,12.53,12.92,558658
2024-07-22,12.91,12.91,12.07,12.22,720216
2024-07-23,12.11,13.14,11.93,12.83,663271
2024-07-24,13.03,13.03,12.35,12.38,377401
2024-07-25,12.39,13.42,12.27,13.26,780100
2024-07-26,13.3,13.3847,12.87,13.12,387133
2024-07-29,13.2,13.38,12.72,12.94,225552
2024-07-30,12.95,13.56,12.95,13.21,623774
2024-07-31,13.29,13.34,13.05,13.15,465064
2024-08-01,13.18,13.2,12.35,12.64,452517
2024-08-02,12.3,12.425,11.88,11.9,532545
2024-08-05,11.54,11.61,11.1,11.47,490428
2024-08-06,11.41,11.7,11.21,11.6,330604
2024-08-07,11.75,11.97,11.37,11.42,293616
2024-08-08,11.46,11.71,11.43,11.68,503788
2024-08-09,11.95,12.15,11.5,11.69,848431
2024-08-12,11.7,11.8,11.42,11.68,337036
2024-08-13,11.68,11.83,11.6,11.69,262566
2024-08-14,11.78,11.78,11.31,11.43,459966
2024-08-15,11.75,11.79,11.41,11.66,615920
2024-08-16,11.6,12.0,11.5144,11.9,327099
2024-08-19,11.9,12.08,11.83,12.02,264728
2024-08-20,12.03,12.08,11.71,11.82,333411
2024-08-21,11.97,12.05,11.8,11.95,266302
2024-08-22,11.96,12.06,11.77,11.83,202534
2024-08-23,11.91,12.3556,11.89,12.23,293939
2024-08-26,12.35,12.66,12.2901,12.61,229693
2024-08-27,12.52,12.52,12.27,12.41,112458
2024-08-28,12.27,12.3,12.13,12.17,200443
2024-08-29,12.35,12.73,12.1,12.68,368389
2024-08-30,12.63,12.74,12.49,12.68,310832
2024-09-03,12.47,12.51,11.72,12.0,373327
2024-09-04,11.99,12.07,11.76,11.77,242017
2024-09-05,11.91,11.91,11.405,11.55,370624
2024-09-06,11.56,11.77,11.33,11.43,249370
2024-09-09,11.41,11.57,11.27,11.28,288109
2024-09-10,11.35,11.49,11.15,11.42,260107
2024-09-11,11.46,11.47,11.06,11.32,411691
2024-09-12,10.96,11.79,10.96,11.52,219334
2024-09-13,11.66,11.76,11.42,11.72,415080
2024-09-16,11.86,12.05,11.64,11.99,263268
2024-09-17,12.09,12.82,12.09,12.72,449333
2024-09-18,12.66,13.0,12.59,12.64,267745
2024-09-19,13.09,13.21,12.7,13.18,319796
2024-09-20,13.08,13.8,12.84,13.46,899490
2024-09-23,13.7,14.29,13.67,13.84,333480
2024-09-24,14.04,14.1,13.76,13.92,199364
2024-09-25,13.8,13.84,13.335,13.54,260145
2024-09-26,13.35,13.435,12.54,12.57,281288
2024-09-27,12.76,12.85,12.58,12.7,264162
2024-09-30,12.74,13.03,12.48,12.76,318679
2024-10-01,12.67,13.09,12.59,12.98,262703
2024-10-02,13.16,13.41,13.04,13.23,219628
2024-10-03,13.22,13.56,13.1,13.45,144722
2024-10-04,13.35,13.69,13.35,13.6,149721
2024-10-07,13.6,13.98,13.6,13.79,225251
2024-10-08,13.4,13.57,13.06,13.43,263980
2024-10-09,13.36,13.79,13.274,13.49,265183
2024-10-10,13.38,13.64,13.21,13.51,334711
2024-10-11,13.79,14.1,13.545,13.96,184297
2024-10-14,13.9,13.92,13.57,13.86,174520
2024-10-15,13.75,13.9084,13.56,13.72,378202
2024-10-16,14.0,14.4,13.9322,14.12,237782
2024-10-17,14.0,14.06,13.58,13.68,271353
2024-10-18,13.64,13.66,13.23,13.31,203558
2024-10-21,13.44,13.44,13.01,13.21,184971
2024-10-22,13.3,13.4646,13.21,13.31,194781
2024-10-23,13.21,13.39,13.05,13.14,149375
2024-10-24,13.17,13.3,12.85,13.26,173751
2024-10-25,13.46,13.576,13.355,13.42,149336
2024-10-28,13.16,13.4,13.0677,13.33,160004
2024-10-29,13.27,13.325,13.05,13.22,121127
2024-10-30,13.27,13.53,13.17,13.23,216257
2024-10-31,13.34,13.4,13.08,13.14,164603
2024-11-01,13.24,13.24,12.78,12.92,211753
2024-11-04,12.92,13.75,12.86,13.63,381464
2024-11-05,13.18,15.18,13.02,14.02,1310412
2024-11-06,15.5,16.855,15.18,16.52,800996
2024-11-07,16.59,16.9031,16.3701,16.5,513743
2024-11-08,16.49,17.19,16.49,17.15,309306
2024-11-11,17.2,17.97,17.2,17.95,1313655
2024-11-12,18.0,18.755,17.79,18.38,837104
2024-11-13,18.48,18.55,17.8,17.82,652866
2024-11-14,18.01,18.24,17.66,18.21,333800
2024-11-15,18.3,18.77,18.2308,18.74,416694
2024-11-18,18.96,19.88,18.65,19.76,483312
2024-11-19,19.35,20.45,19.35,20.23,735535
2024-11-20,20.09,20.57,19.77,20.51,561766
2024-11-21,20.47,22.11,20.3201,21.75,748833
2024-11-22,21.94,23.58,21.67,23.31,924738
2024-11-25,23.31,23.52,22.43,22.73,638152
2024-11-26,22.63,23.57,22.595,23.21,643330
2024-11-27,23.17,24.64,22.87,24.47,734838
2024-11-29,24.72,24.792,24.24,24.65,376809
2024-12-02,24.65,24.95,24.2004,24.74,501086
2024-12-03,24.95,25.09,23.54,24.12,787765
2024-12-04,24.11,24.44,23.84,24.17,763747
2024-12-06,28.11,28.43,26.15,26.48,827161
2024-12-10,26.36,30.22,26.145,29.05,2295070
2024-12-11,29.1,32.61,28.39,31.89,1893706
2024-12-12,31.38,31.62,28.6,28.81,1040704
2024-12-13,28.66,29.17,27.825,28.03,873553
2024-12-16,28.03,29.65,27.58,29.12,732692
2024-12-17,28.83,29.15,27.84,28.57,654725
2024-12-18,28.8,29.68,27.08,27.23,601353
2024-12-19,28.4,28.73,26.44,26.57,483189
2024-12-20,26.05,27.83,25.8,26.87,747725
2024-12-23,26.84,28.22,26.618,27.96,458015
2024-12-24,28.54,29.0007,27.82,28.72,374442
2024-12-26,28.33,29.0,27.83,28.94,410846
2024-12-27,29.08,29.73,27.92,28.19,766298
2024-12-30,28.03,28.98,27.93,28.49,394410
2024-12-31,28.76,29.64,28.38,28.78,996945
2025-01-02,28.89,29.58,27.64,29.45,607499
2025-01-03,29.8,30.37,28.83,29.62,458445
2025-01-06,29.76,32.09,29.27,31.28,1040205
2025-01-07,31.34,31.34,28.64,29.29,615715
2025-01-08,28.91,29.42,28.0,29.09,458709
2025-01-10,29.63,30.28,28.53,28.64,550252
2025-01-13,28.6,29.34,28.12,28.87,500020
2025-01-14,29.22,30.2,28.702,29.29,440197
2025-01-15,29.94,31.98,29.3,31.86,967478
2025-01-16,31.9,31.91,30.46,31.15,654143
2025-01-17,31.37,32.97,31.01,31.32,677551
2025-01-21,31.61,31.675,29.53,31.49,619054
2025-01-22,31.88,35.61,31.88,34.56,1652422
2025-01-23,34.36,34.87,32.79,33.62,934482
2025-01-24,33.99,36.52,33.99,34.98,1956076
2025-01-27,29.0488,29.9,24.14,24.35,3493477
2025-01-28,24.95,25.21,23.03,24.0,1792903
2025-01-29,24.4,26.25,24.15,26.05,1448017
2025-01-30,26.62,29.27,26.59,28.48,1312951
2025-01-31,28.9,29.19,26.8539,27.29,1047847
2025-02-03,26.57,27.7,26.0938,27.07,554339
2025-02-04,26.51,27.57,26.39,26.71,677867
2025-02-05,27.13,27.97,26.575,27.97,492664
2025-02-06,28.19,28.22,25.76,26.55,850011
2025-02-07,27.1,27.63,25.67,25.95,745590
2025-02-10,26.67,28.27,25.97,27.46,811134
2025-02-11,27.18,27.89,27.005,27.54,455500
2025-02-12,26.96,27.91,26.61,27.15,590989
2025-02-13,26.99,28.09,26.905,27.27,424900
2025-02-14,27.4,28.4,27.1756,28.16,488002
2025-02-18,28.5,30.65,28.45,30.28,993204
2025-02-19,30.26,30.78,29.68,30.02,596075
2025-02-20,30.0,30.03,28.8,29.34,915341
2025-02-21,35.0,39.025,34.05,35.96,3598048
2025-02-24,36.88,37.36,30.6,33.81,2488082
2025-02-25,34.0,34.56,30.41,32.45,1877168
2025-02-26,32.75,34.52,32.165,32.93,940583
2025-02-27,33.82,34.4,32.295,32.5,798939
2025-02-28,32.09,34.37,31.29,34.15,1392412
2025-03-03,34.8,36.14,31.12,31.57,1240740
2025-03-04,29.29,29.3,28.35,28.56,370740
2025-03-05,28.38,28.8315,27.17,28.67,1083161
2025-03-06,27.8,27.81,23.645,24.46,2450240
2025-03-07,24.5,25.13,22.4325,24.03,2905049
2025-03-10,23.35,23.635,21.17,21.38,1821958
2025-03-11,21.47,22.9,21.05,22.23,2493382
2025-03-12,23.62,25.64,23.02,25.24,2835157
2025-03-13,25.09,25.2157,21.97,23.01,2161904
2025-03-14,23.5,25.28,23.35,24.61,1561735
2025-03-17,24.59,24.795,19.9,20.46,5933811
2025-03-18,20.51,23.04,19.31,22.97,3554379
2025-03-19,22.96,24.84,22.39,24.3,1986045
2025-03-20,24.04,24.3,22.38,22.54,1180142
2025-03-21,22.17,23.22,22.03,22.47,1742291
2025-03-24,23.5,24.16,23.14,23.89,1038174
2025-03-25,23.45,24.11,23.35,23.75,800260
2025-03-26,23.93,24.5731,22.98,23.37,1035517
2025-03-27,23.21,23.6261,22.7,23.25,1032488
2025-03-28,23.21,23.29,22.1761,22.86,1346208
2025-03-31,22.01,22.94,21.35,21.76,1988424
2025-04-01,21.49,21.64,19.8501,21.18,1551458
2025-04-02,20.71,22.985,20.44,22.89,919610
2025-04-03,20.6,21.19,18.33,18.39,1537884
2025-04-04,16.68,17.21,14.72,15.96,2915881
2025-04-07,14.57,18.53,14.27,16.94,2008351
2025-04-08,17.88,18.22,16.205,16.65,1752245
2025-04-09,16.1,20.59,15.8442,19.46,2430962
2025-04-10,18.57,18.605,16.38,17.13,1880217
2025-04-11,16.96,17.53,16.05,17.46,1347689
2025-04-14,18.12,19.16,17.09,17.45,1315129
2025-04-15,17.94,18.4,17.18,17.63,1001955
2025-04-16,17.4,18.66,17.4,18.2,853522
2025-04-17,18.43,19.34,18.28,19.05,761042
2025-04-21,18.67,18.67,17.02,17.72,1439059
2025-04-22,18.56,19.46,18.14,18.65,1059177
2025-04-23,19.48,20.67,18.95,19.34,1410612
2025-04-24,18.84,20.42,18.84,20.12,1004209
2025-04-25,20.1,20.73,19.05,20.73,794064
2025-04-28,20.76,21.6,20.38,20.57,1812453
2025-04-29,24.15,24.15,21.0,21.18,2883271
2025-04-30,20.52,21.21,19.77,21.14,1467341
2025-05-01,21.53,23.68,21.31,22.95,5004450
2025-05-02,23.19,23.39,22.13,23.38,1428884
2025-05-05,23.02,23.5,22.115,22.42,927726
2025-05-06,21.95,22.6,21.5,22.26,2165742
2025-05-07,22.17,22.43,21.55,21.8,1400343
2025-05-08,22.1,22.86,21.64,22.58,1089595
2025-05-09,22.88,23.0,21.28,21.83,1545601
2025-05-12,23.0,23.5431,22.22,22.52,965389
2025-05-13,22.9,23.1099,22.4301,22.66,792600
2025-05-14,23.16,23.46,22.05,23.29,1285532
2025-05-15,22.86,23.315,22.445,22.59,1258411
2025-05-16,22.68,23.025,21.76,22.1,1218147
2025-05-19,21.69,21.95,21.22,21.83,895525
2025-05-20,21.93,22.76,21.63,22.5,820072
2025-05-21,22.37,22.81,21.39,21.73,1487488
2025-05-22,22.35,25.83,21.68,25.43,2592744
2025-05-23,24.82,27.18,24.5,27.05,2068164
2025-05-27,27.59,28.42,26.77,28.28,1516629
2025-05-28,28.49,28.59,27.7,28.31,1658433
2025-05-29,29.0,29.16,27.4099,27.88,1265408
2025-05-30,27.41,28.3477,26.89,27.43,1327772
2025-06-02,28.0,28.14,26.67,27.67,1117219
2025-06-03,27.53,28.37,27.06,28.0,1248035
2025-06-04,27.85,28.065,27.08,27.8,1284689
2025-06-05,27.97,28.54,27.09,27.13,1303365
2025-06-06,28.65,30.334,27.97,30.0,2348982
2025-06-09,30.27,30.3,29.04,29.1,1506735
2025-06-10,29.31,29.75,25.03,25.21,3413096
2025-06-11,25.58,26.85,25.255,26.48,1969995
2025-06-12,25.9,27.99,25.7359,27.9,1053994
2025-06-13,28.635,28.89,27.02,27.14,1253279
2025-06-16,27.94,28.87,27.575,28.28,989943
2025-06-17,28.67,29.54,28.07,29.25,900229
2025-06-18,29.24,30.22,28.69,28.99,2334652
2025-06-20,29.24,29.32,28.42,28.8,1034026
2025-06-23,28.61,29.1244,27.36,27.71,936482
2025-06-24,27.9,28.49,27.4,28.34,885510
2025-06-25,28.27,28.325,26.532,27.41,799110
2025-06-26,27.34,28.95,27.25,28.76,710113
2025-06-27,29.15,29.6783,28.41,28.98,2702436
2025-06-30,29.25,29.56,28.27,28.29,1566966
2025-07-01,31.46,31.5,27.65,29.08,3043211
2025-07-02,29.0,31.7,27.65,31.67,2021145
2025-07-03,32.0,32.81,31.41,32.66,879247
2025-07-07,32.09,32.28,30.85,31.68,1035781
2025-07-08,32.12,33.16,31.49,32.47,989841
2025-07-09,32.87,32.87,30.68,31.07,1403706
2025-07-10,30.79,31.12,30.09,30.7,1232997
2025-07-11,30.86,31.75,30.525,31.2,552463
2025-07-14,31.21,32.13,30.1601,31.8,1486986
2025-07-15,31.91,32.45,30.32,30.39,1038359
2025-07-16,30.23,30.425,28.63,29.88,1497901
2025-07-17,29.47,29.6,28.13,29.01,1190814
2025-07-18,29.69,29.95,28.86,29.19,1030382
2025-07-21,29.3,29.59,28.17,28.55,1261424
2025-07-22,28.22,28.71,27.66,28.27,1246921
2025-07-23,29.96,30.17,29.085,29.41,1174300
2025-07-24,33.95,36.4,32.36,33.84,4581139
2025-07-25,34.6,34.66,32.4325,32.5,2105586
2025-07-28,33.13,34.3999,32.26,32.61,1338691
2025-07-29,31.05,33.86,30.5142,33.8,3408146
2025-07-30,34.0,34.89,32.25,33.26,2450909
2025-07-31,32.59,33.485,31.99,32.67,1371639
2025-08-01,31.66,31.66,28.94,30.01,2676011
2025-08-04,30.39,30.99,29.92,30.86,1287118
2025-08-05,31.11,31.44,29.55,30.72,1269688
2025-08-06,30.64,31.835,30.385,31.65,1478089
2025-08-07,31.75,32.0,29.69,30.61,3484075
2025-08-08,30.8,30.88,29.16,29.99,2198496
2025-08-11,29.94,30.69,29.345,30.36,1241636
2025-08-12,30.6,31.32,30.28,30.66,1482158
2025-08-13,30.5,30.9199,27.23,27.96,3079204
2025-08-14,27.6,27.93,26.71,27.37,2223409
2025-08-15,27.17,27.98,26.59,27.7,1494487
2025-08-18,27.4,28.105,27.09,27.41,1244925
2025-08-19,27.5,27.54,26.41,26.81,1211446
2025-08-20,26.42,27.345,25.91,27.16,1534571
2025-08-21,27.17,28.28,26.87,28.08,1324566
2025-08-22,27.99,29.39,27.72,28.66,1324760
2025-08-25,28.33,29.27,28.21,28.62,1149935
2025-08-26,28.6,30.04,28.6,29.86,1423168
2025-08-27,29.59,29.885,29.23,29.63,1341750
2025-08-28,29.63,31.79,29.4154,31.72,1939364
2025-08-29,31.88,32.02,30.74,31.59,1657680
2025-09-02,30.31,30.78,28.8,29.87,1522334
2025-09-03,29.86,30.04,26.81,26.98,2921161
2025-09-04,26.99,27.232,26.08,26.49,2168511
2025-09-05,26.55,26.63,25.63,26.45,1802462
2025-09-08,27.0,27.02,25.77,25.94,1764316
2025-09-09,26.07,26.66,24.57,24.92,2256241
2025-09-10,26.19,30.9,26.19,29.37,3179984
2025-09-11,29.07,31.87,28.43,30.3,3747137
2025-09-12,30.61,31.295,30.0,31.07,2260000
2025-09-15,32.0,33.8389,31.39,32.2,3361370
2025-09-16,32.115,32.45,29.89,32.17,2988978
2025-09-17,32.77,34.195,31.91,33.26,3762782
2025-09-18,34.12,36.6,34.08,36.23,3618076
2025-09-19,36.85,38.06,36.22,37.63,5761267
2025-09-22,38.22,40.625,37.55,39.94,5317791
2025-09-23,40.6,43.46,38.5,39.0,6697777
2025-09-24,39.1,39.3699,36.98,37.4,3445430
2025-09-25,36.13,39.34,35.395,38.2,3838149
2025-09-26,38.37,39.79,38.3,39.71,1954996
2025-09-29,39.99,41.89,39.665,41.37,2975205
2025-09-30,40.86,41.335,38.89,39.97,2718850
2025-10-01,39.5,43.15,39.095,42.32,3296478
2025-10-02,43.33,47.26,43.33,45.41,4695218
2025-10-03,45.55,46.2393,43.945,44.64,2509138
2025-10-06,46.18,47.89,44.6,46.75,1732793
2025-10-07,44.25,45.75,41.35,44.05,12906804
2025-10-08,44.5,48.41,44.3,48.21,5665830
2025-10-09,48.35,49.02,46.89,47.69,2918634
2025-10-10,47.74,50.78,44.66,44.98,4373439
2025-10-13,48.7,52.26,47.71,51.92,4842693
2025-10-14,50.22,53.83,49.36,52.75,3352636
2025-10-15,55.145,55.695,53.14,54.9,4252497
2025-10-16,55.36,56.14,52.55,54.16,3714273
2025-10-17,53.5,53.64,49.38,51.37,4194007
2025-10-20,52.25,53.93,50.66,51.16,2807946
2025-10-21,50.95,51.15,47.82,49.01,2740408
2025-10-22,48.99,49.525,43.91,46.39,3346170
2025-10-23,47.16,48.58,45.745,47.7,2166409
2025-10-24,48.63,51.47,48.475,50.92,3188297
2025-10-27,51.94,52.61,47.84,48.15,2823503
2025-10-28,48.1,50.46,47.5157,49.57,1721611
2025-10-29,51.0,53.77,50.59,52.0,4039015
2025-10-30,50.7,54.68,50.12,53.11,2458275
2025-10-31,53.78,54.7,51.84,53.23,3136574
2025-11-03,55.05,57.165,53.79,53.97,4496031
2025-11-04,49.02,55.47,47.12,53.71,5342525
2025-11-05,52.0,54.64,49.92,53.46,5204704
2025-11-06,52.92,56.0,51.89,53.48,2682700
2025-11-07,52.25,52.29,46.36,50.71,9455366
2025-11-10,51.5,51.9,48.5,50.36,6657979
2025-11-11,49.39,50.18,46.13,50.15,3869682
2025-11-12,50.45,51.14,46.88,47.29,3478401
2025-11-13,47.35,47.41,42.49,44.94,5684228
2025-11-14,42.97,46.875,41.14,45.21,4412174
2025-11-17,45.1,47.05,44.33,45.73,3032974
2025-11-18,44.68,45.095,41.93,43.27,4881540
2025-11-19,44.29,45.87,42.7045,44.5,3038001
2025-11-20,46.8,48.8299,41.02,41.23,4917565
2025-11-21,40.46,42.89,38.4988,42.83,3890406
2025-11-24,42.71,46.55,42.445,45.88,2947474
2025-11-25,45.14,46.88,43.73,46.7,2027304
2025-11-26,46.87,47.83,46.11,46.63,1798114
2025-11-28,46.16,48.6,45.95,47.89,1124341
2025-12-01,46.68,50.25,46.1555,48.81,2247598
2025-12-02,52.0,53.49,49.1,50.46,4188453
2025-12-03,50.77,53.37,49.8,53.25,2319064
2025-12-04,52.71,56.51,52.65,55.14,3637953
2025-12-05,55.45,55.83,54.1,55.36,1992977
2025-12-08,56.07,56.07,53.14,53.5,1816005
2025-12-09,53.27,55.215,52.79,53.69,3425199
2025-12-10,53.5,54.88,50.14,54.64,2942824
2025-12-11,53.95,54.37,50.7475,54.08,2449797
2025-12-12,53.79,54.1599,44.05,46.07,6125779
2025-12-15,46.07,46.0701,43.55,43.56,4758242
2025-12-16,42.81,44.21,41.13,43.61,3484910
2025-12-17,44.25,45.79,40.38,40.64,3494380
2025-12-18,42.01,44.94,42.01,43.06,3043165
2025-12-19,44.6,46.25,44.535,44.96,4066389
2025-12-22,46.08,47.07,44.8501,45.44,1769476
2025-12-23,44.85,45.95,44.44,44.89,1153649
2025-12-24,44.66,45.3,44.16,45.07,731672
2025-12-26,44.95,45.82,44.15,44.65,958496
2025-12-29,44.56,45.56,44.265,44.58,1254749
2025-12-30,45.07,48.27,44.72,46.1,2567934
2025-12-31,46.01,47.05,45.61,45.97,1953432
2026-01-02,46.8,50.43,46.11,50.26,2497367
2026-01-05,51.81,53.82,50.24,52.9,3095351
2026-01-06,53.7,53.8999,50.4,52.85,2296726
2026-01-07,53.0,54.25,50.96,51.09,1797822
2026-01-08,52.11,52.34,49.72,50.55,1963918
2026-01-09,52.0,55.8299,51.745,53.16,2603804
2026-01-12,52.5,53.5055,51.089,51.33,1666483
2026-01-13,52.64,55.13,52.25,52.78,2305612
2026-01-14,52.69,53.18,50.43,52.02,1677079
2026-01-15,53.0,57.31,51.67,55.4,4063610
2026-01-16,57.14,57.9799,54.0,56.87,3740231
2026-01-20,53.94,56.575,53.21,54.96,2900452
2026-01-21,56.24,59.8,54.0715,57.0,3080310
2026-01-22,57.89,59.75,55.29,56.95,1971553
2026-01-23,57.0,57.87,53.34,53.7,2426134
2026-01-26,53.66,55.25,51.78,52.0,2463206
2026-01-27,51.99,55.62,51.99,53.9,1780574
2026-01-28,54.41,54.8699,51.17,53.77,2082160
2026-01-29,54.0,56.8,52.68,56.19,3667453
2026-01-30,55.19,58.6682,53.332,55.19,2762741
2026-02-02,53.66,57.16,52.56,56.83,2841742
2026-02-03,58.4,59.755,53.26,56.59,3008378
2026-02-04,56.75,56.75,46.16,48.28,4836923
2026-02-05,46.0,47.86,44.61,46.11,3880651
2026-02-06,48.68,53.31,47.855,51.58,4020500
2026-02-09,49.02,54.51,48.865,52.96,2054345
2026-02-10,53.19,53.565,51.36,52.94,1724191
2026-02-11,53.41,55.6496,51.72,53.73,3360073
2026-02-12,54.65,55.4317,51.15,51.47,1940889
2026-02-13,59.57,61.36,54.87,56.63,6297974
2026-02-17,55.0,55.5,51.21,52.54,3587261
2026-02-18,53.44,54.83,49.22,50.8,3367886
2026-02-19,50.56,51.37,48.855,49.98,2378248
2026-02-20,48.88,50.48,47.2501,49.24,2213299
2026-02-23,48.58,51.19,46.9,50.67,2957388
2026-02-24,49.99,53.89,48.54,53.46,3199751
2026-02-25,50.45,56.83,48.9001,55.22,5810471
2026-02-26,54.42,54.5399,49.03,50.96,4279313
2026-02-27,50.37,51.5,49.05,49.63,2715607
2026-03-02,48.74,50.55,47.56,49.31,1711732
2026-03-03,47.44,48.3224,46.0,47.6,2082676
2026-03-04,49.29,51.04,47.53,50.03,3114269
2026-03-05,49.56,51.1,47.32,50.45,1792131
2026-03-06,48.5,51.94,48.0,48.96,1880482
2026-03-09,47.87,49.645,46.69,49.45,2744369
2026-03-10,49.12,54.82,48.52,54.03,4324936
2026-03-11,53.62,57.29,53.06,55.35,2279300
2026-03-12,54.45,54.58,51.46,53.33,2092103
2026-03-13,53.44,55.17,51.59,52.0,1631486
2026-03-16,53.72,57.305,52.6,56.99,2031835
2026-03-17,59.55,66.66,59.55,63.19,6675080
2026-03-18,64.14,70.17,64.14,68.56,6241641
2026-03-19,66.43,67.71,65.16,65.88,2345339
2026-03-20,65.25,65.4,60.6162,61.81,3527921
